-- MySQL dump 10.13  Distrib 5.7.20, for macos10.12 (x86_64)
--
-- Host: localhost    Database: scoredaddy
-- ------------------------------------------------------
-- Server version	5.7.20

/*!40101 SET @OLD_CHARACTER_SET_CLIENT=@@CHARACTER_SET_CLIENT */;
/*!40101 SET @OLD_CHARACTER_SET_RESULTS=@@CHARACTER_SET_RESULTS */;
/*!40101 SET @OLD_COLLATION_CONNECTION=@@COLLATION_CONNECTION */;
/*!40101 SET NAMES utf8 */;
/*!40103 SET @OLD_TIME_ZONE=@@TIME_ZONE */;
/*!40103 SET TIME_ZONE='+00:00' */;
/*!40014 SET @OLD_UNIQUE_CHECKS=@@UNIQUE_CHECKS, UNIQUE_CHECKS=0 */;
/*!40014 SET @OLD_FOREIGN_KEY_CHECKS=@@FOREIGN_KEY_CHECKS, FOREIGN_KEY_CHECKS=0 */;
/*!40101 SET @OLD_SQL_MODE=@@SQL_MODE, SQL_MODE='NO_AUTO_VALUE_ON_ZERO' */;
/*!40111 SET @OLD_SQL_NOTES=@@SQL_NOTES, SQL_NOTES=0 */;

--
-- Table structure for table `account`
--

DROP TABLE IF EXISTS `account`;
/*!40101 SET @saved_cs_client     = @@character_set_client */;
/*!40101 SET character_set_client = utf8 */;
CREATE TABLE `account` (
  `id` int(11) NOT NULL AUTO_INCREMENT,
  `name` varchar(45) NOT NULL,
  `street` varchar(100) NOT NULL,
  `city` varchar(45) NOT NULL,
  `state` varchar(2) NOT NULL,
  `zipcode` varchar(10) NOT NULL,
  `phone` varchar(10) NOT NULL,
  PRIMARY KEY (`id`),
  UNIQUE KEY `id_UNIQUE` (`id`)
) ENGINE=InnoDB AUTO_INCREMENT=5 DEFAULT CHARSET=latin1;
/*!40101 SET character_set_client = @saved_cs_client */;

--
-- Dumping data for table `account`
--

LOCK TABLES `account` WRITE;
/*!40000 ALTER TABLE `account` DISABLE KEYS */;
INSERT INTO `account` VALUES (1,'RR Shooting Academy','11634 Cannington Circle','Fishers','IN','46037','5743298039'),(2,'Tim\'s Shooting Academy','17777 Commerce Dr','Westfield','IN','46074','3173997918'),(3,'Target World','2300 E. Kemper Road','Cincinnati','OH','45241','5137723343'),(4,'Target World','2300 E. Kemper Road','Cincinnati','OH','45241','5137723343');
/*!40000 ALTER TABLE `account` ENABLE KEYS */;
UNLOCK TABLES;

--
-- Table structure for table `competition`
--

DROP TABLE IF EXISTS `competition`;
/*!40101 SET @saved_cs_client     = @@character_set_client */;
/*!40101 SET character_set_client = utf8 */;
CREATE TABLE `competition` (
  `id` int(11) NOT NULL AUTO_INCREMENT,
  `tournament_id` int(11) NOT NULL,
  `account_id` int(11) NOT NULL,
  `sequence` int(1) NOT NULL,
  `name` varchar(45) NOT NULL,
  `description` varchar(200) NOT NULL,
  `status` varchar(1) NOT NULL DEFAULT 'N',
  PRIMARY KEY (`id`),
  UNIQUE KEY `id_UNIQUE` (`id`),
  KEY `account_id_idx` (`account_id`),
  KEY `status_idx` (`status`),
  KEY `tournament_id_idx` (`tournament_id`),
  CONSTRAINT `account_id` FOREIGN KEY (`account_id`) REFERENCES `account` (`id`) ON DELETE NO ACTION ON UPDATE NO ACTION,
  CONSTRAINT `status` FOREIGN KEY (`status`) REFERENCES `status_codes` (`code`) ON DELETE NO ACTION ON UPDATE NO ACTION,
  CONSTRAINT `tournament_id` FOREIGN KEY (`tournament_id`) REFERENCES `tournament` (`id`) ON DELETE NO ACTION ON UPDATE NO ACTION
) ENGINE=InnoDB AUTO_INCREMENT=28 DEFAULT CHARSET=latin1;
/*!40101 SET character_set_client = @saved_cs_client */;

--
-- Dumping data for table `competition`
--

LOCK TABLES `competition` WRITE;
/*!40000 ALTER TABLE `competition` DISABLE KEYS */;
INSERT INTO `competition` VALUES (1,1,1,1,'GSSF Winter 1','Winter Series 1','I'),(2,1,1,2,'GSSF Winter 2','Winter Series 2','I'),(3,2,2,1,'GSSF Winter 1','GSSF Winter Round 1','I'),(4,2,2,2,'GSSF Winter 2','GSSF Winter Round 2','I'),(5,1,1,3,'GSSF Winter 3','Winter Series 3','I'),(8,4,1,1,'Bullseye Winter Round 1','Bullseye Tournament','I'),(9,4,1,2,'Bullseye Winter Round 2','Bullseye Tournament','I'),(10,4,1,3,'Bullseye Winter Round 3','Bullseye Tournament','I'),(11,5,2,1,'Winter Bullseye 1','Winter Bullseye 1','I'),(12,2,2,3,'GSSF Winter 3','GSSF Winter Round 3','I'),(13,5,2,2,'Winter Bullseye 2','Winter Bullseye 2','I'),(14,5,2,3,'Winter Bullseye 3','Winter Bullseye 3','I'),(15,6,2,1,'GSSF June 1','GSSF June 1','I'),(16,6,2,2,'GSSF June 2','GSSF June 2','I'),(17,6,2,3,'GSSF June 3','GSSF June 3','I'),(18,2,2,1,'GSSF Winter \'18 1','GSSF December 1','I'),(19,7,2,1,'GSSF Winter 1','GSSF Winter 1','I'),(20,7,2,2,'GSSF Winter 19 2','Gssf Winter 2019 Comp2','I'),(21,7,2,3,'GSSF winter 19 final','GSSF Winter 19 Final','I'),(22,8,3,1,'GSSF January','GSSF January','I'),(23,8,3,2,'GSSF February','GSSF February','I'),(24,8,3,3,'GSSF March','GSSF March','I'),(25,9,4,1,'GSSF October 2019','GSSF Indoor October 2019','I'),(26,9,4,2,'GSSF November 2019','GSSF Indoor November 2019','I'),(27,9,4,3,'GSSF December 2019','GSSF Indoor December 2019','N');
/*!40000 ALTER TABLE `competition` ENABLE KEYS */;
UNLOCK TABLES;

--
-- Table structure for table `competition_codes`
--

DROP TABLE IF EXISTS `competition_codes`;
/*!40101 SET @saved_cs_client     = @@character_set_client */;
/*!40101 SET character_set_client = utf8 */;
CREATE TABLE `competition_codes` (
  `id` int(11) NOT NULL AUTO_INCREMENT,
  `code` varchar(20) NOT NULL,
  `description` varchar(100) NOT NULL,
  PRIMARY KEY (`id`),
  UNIQUE KEY `name_UNIQUE` (`code`),
  UNIQUE KEY `id_UNIQUE` (`id`)
) ENGINE=InnoDB AUTO_INCREMENT=3 DEFAULT CHARSET=latin1;
/*!40101 SET character_set_client = @saved_cs_client */;

--
-- Dumping data for table `competition_codes`
--

LOCK TABLES `competition_codes` WRITE;
/*!40000 ALTER TABLE `competition_codes` DISABLE KEYS */;
INSERT INTO `competition_codes` VALUES (1,'GSSFI','GSSF Indoor League'),(2,'BULLSEYE','BULLSEYE League');
/*!40000 ALTER TABLE `competition_codes` ENABLE KEYS */;
UNLOCK TABLES;

--
-- Table structure for table `competition_competitors`
--

DROP TABLE IF EXISTS `competition_competitors`;
/*!40101 SET @saved_cs_client     = @@character_set_client */;
/*!40101 SET character_set_client = utf8 */;
CREATE TABLE `competition_competitors` (
  `competition_id` int(11) NOT NULL,
  `competitor_id` int(11) NOT NULL,
  PRIMARY KEY (`competition_id`,`competitor_id`),
  KEY `competitor_id_idx` (`competitor_id`)
) ENGINE=InnoDB DEFAULT CHARSET=latin1;
/*!40101 SET character_set_client = @saved_cs_client */;

--
-- Dumping data for table `competition_competitors`
--

LOCK TABLES `competition_competitors` WRITE;
/*!40000 ALTER TABLE `competition_competitors` DISABLE KEYS */;
INSERT INTO `competition_competitors` VALUES (1,2),(2,2),(8,2),(9,2),(1,4),(2,4),(5,4),(1,5),(5,5),(8,5),(9,5),(1,6),(1,7),(1,8),(1,9),(2,9),(5,9),(1,10),(2,10),(1,11),(1,12),(2,12),(5,12),(1,13),(5,13),(3,14),(4,14),(11,14),(12,14),(13,14),(14,14),(15,14),(16,14),(17,14),(19,14),(3,15),(4,15),(11,15),(12,15),(13,15),(14,15),(15,15),(16,15),(17,15),(3,16),(4,16),(12,16),(15,16),(19,16),(20,16),(3,17),(4,17),(12,17),(16,17),(17,17),(3,18),(3,19),(4,19),(3,20),(4,20),(11,20),(12,20),(13,20),(14,20),(15,20),(16,20),(17,20),(19,20),(20,20),(21,20),(3,21),(4,21),(11,21),(13,21),(14,21),(3,22),(4,22),(11,22),(12,22),(13,22),(14,22),(15,22),(16,22),(17,22),(19,22),(20,22),(21,22),(3,23),(4,23),(3,24),(4,24),(13,24),(15,24),(16,24),(17,24),(20,24),(3,25),(3,26),(4,26),(11,26),(15,26),(16,26),(19,26),(21,26),(3,27),(4,27),(12,27),(14,27),(15,27),(17,27),(19,27),(20,27),(21,27),(3,29),(4,29),(12,29),(16,29),(17,29),(19,29),(20,29),(21,29),(3,30),(4,30),(12,30),(15,30),(16,30),(17,30),(20,30),(21,30),(3,31),(3,32),(4,32),(12,32),(3,34),(4,34),(12,34),(3,35),(4,35),(12,35),(16,35),(17,35),(19,35),(20,35),(3,36),(12,36),(3,37),(4,37),(11,37),(12,37),(13,37),(14,37),(15,37),(16,37),(17,37),(20,37),(21,37),(3,39),(4,39),(12,39),(3,40),(4,40),(3,41),(4,41),(12,41),(19,41),(20,41),(21,41),(3,42),(4,42),(11,42),(12,42),(13,42),(14,42),(15,42),(16,42),(17,42),(19,42),(20,42),(21,42),(3,43),(4,43),(12,43),(19,43),(20,43),(21,43),(3,44),(19,44),(20,44),(21,44),(3,45),(4,45),(12,45),(19,45),(20,45),(21,45),(3,46),(4,46),(12,46),(3,47),(3,48),(4,48),(16,48),(17,48),(19,48),(3,49),(4,49),(12,49),(3,50),(4,50),(11,50),(13,50),(14,50),(19,50),(20,50),(21,50),(3,51),(4,51),(3,53),(4,53),(12,53),(3,54),(4,54),(11,54),(12,54),(13,54),(14,54),(15,54),(16,54),(17,54),(19,54),(20,54),(21,54),(3,55),(4,55),(11,55),(12,55),(13,55),(19,55),(20,55),(21,55),(3,56),(3,57),(4,57),(12,57),(15,57),(3,58),(3,59),(4,59),(12,59),(19,59),(20,59),(3,60),(4,60),(11,60),(12,60),(13,60),(4,61),(12,61),(4,62),(12,62),(4,63),(4,64),(11,64),(12,64),(13,64),(14,64),(16,64),(17,64),(4,65),(4,66),(12,66),(13,66),(16,66),(4,67),(11,67),(13,67),(14,67),(4,68),(17,68),(4,69),(12,69),(13,69),(4,70),(12,70),(13,70),(16,70),(4,71),(11,71),(12,71),(13,71),(14,71),(15,71),(16,71),(17,71),(19,71),(20,71),(21,71),(4,72),(4,73),(12,73),(13,73),(4,74),(12,74),(13,74),(4,75),(4,76),(12,76),(15,76),(16,76),(17,76),(4,77),(4,78),(4,79),(12,79),(4,80),(12,80),(20,80),(21,80),(4,81),(4,82),(5,84),(8,86),(9,86),(10,86),(11,87),(13,87),(14,87),(11,88),(13,88),(14,88),(16,88),(17,88),(19,88),(11,89),(13,89),(14,89),(11,90),(11,91),(13,91),(11,92),(13,92),(11,93),(11,94),(11,95),(12,95),(13,95),(14,95),(16,95),(17,95),(19,95),(11,96),(11,97),(11,98),(14,98),(11,99),(13,99),(14,99),(11,100),(13,100),(14,100),(12,101),(12,102),(12,103),(12,104),(12,105),(12,106),(13,107),(17,107),(13,108),(13,109),(1,110),(2,110),(5,110),(3,111),(4,111),(15,112),(16,112),(17,112),(15,113),(16,113),(17,113),(15,114),(16,114),(17,114),(15,115),(16,115),(15,116),(16,116),(17,116),(16,118),(17,118),(16,119),(17,119),(19,119),(16,121),(17,121),(16,122),(17,122),(19,123),(20,123),(19,124),(20,124),(21,124),(19,125),(20,126),(21,126),(20,127),(22,128),(23,128),(24,128),(22,129),(23,129),(24,129),(22,130),(23,130),(24,130),(22,135),(23,135),(24,135),(25,137),(26,137),(27,137),(25,138),(26,138),(27,138),(25,139),(26,139),(27,139),(25,140),(26,140),(27,140),(25,141),(26,141),(27,141),(25,142),(26,142),(27,142),(25,143),(26,143),(27,143),(25,144),(26,144),(27,144),(25,145),(26,145),(27,145),(25,146),(26,146),(27,146),(25,147),(26,147),(27,147),(25,148),(26,148),(27,148),(25,149),(26,149),(27,149),(25,150),(26,150),(27,150),(25,151),(26,151),(27,151),(25,152),(26,152),(27,152),(25,153),(26,153),(27,153),(25,154),(26,154),(27,154),(25,155),(26,155),(27,155),(25,156),(26,156),(27,156),(25,157),(26,157),(27,157),(25,158),(26,158),(27,158),(25,159),(26,159),(27,159),(25,160),(26,160),(27,160),(25,161),(26,161),(27,161),(25,162),(26,162),(27,162),(25,163),(26,163),(27,163),(25,164),(26,164),(27,164),(25,165),(26,165),(27,165),(25,166),(26,166),(27,166),(25,167),(26,167),(27,167),(25,168),(26,168),(27,168),(25,169),(26,169),(27,169),(25,170),(26,170),(27,170),(25,171),(26,171),(27,171),(25,172),(26,172),(27,172),(25,173),(26,173),(27,173),(25,174),(26,174),(27,174),(25,175),(26,175),(27,175),(25,176),(26,176),(27,176),(25,177),(26,177),(27,177),(25,178),(26,178),(27,178),(25,179),(26,179),(27,179),(25,180),(26,180),(27,180),(25,181),(26,181),(27,181),(25,182),(26,182),(27,182),(25,183),(26,183),(27,183),(25,184),(26,184),(27,184),(25,185),(26,185),(27,185),(25,186),(26,186),(27,186),(25,187),(26,187),(27,187),(25,188),(26,188),(27,188),(25,189),(26,189),(27,189),(25,190),(26,190),(27,190),(25,191),(26,191),(27,191),(25,192),(26,192),(27,192),(25,193),(26,193),(27,193),(25,194),(26,194),(27,194),(25,195),(26,195),(27,195),(25,196),(26,196),(27,196),(25,197),(26,197),(27,197),(25,198),(26,198),(27,198),(25,199),(26,199),(27,199),(25,200),(26,200),(27,200),(25,201),(26,201),(27,201),(25,202),(26,202),(27,202),(25,203),(26,203),(27,203),(25,204),(26,204),(27,204),(25,205),(26,205),(27,205),(25,206),(26,206),(27,206),(25,207),(26,207),(27,207),(25,208),(26,208),(27,208),(25,209),(26,209),(27,209),(25,210),(26,210),(27,210),(25,211),(26,211),(27,211);
/*!40000 ALTER TABLE `competition_competitors` ENABLE KEYS */;
UNLOCK TABLES;

--
-- Table structure for table `competition_details`
--

DROP TABLE IF EXISTS `competition_details`;
/*!40101 SET @saved_cs_client     = @@character_set_client */;
/*!40101 SET character_set_client = utf8 */;
CREATE TABLE `competition_details` (
  `id` int(11) NOT NULL,
  `code` int(11) NOT NULL,
  `date` date NOT NULL,
  `course` varchar(1) NOT NULL,
  PRIMARY KEY (`id`,`code`),
  KEY `code_idx` (`code`),
  CONSTRAINT `code` FOREIGN KEY (`code`) REFERENCES `competition_codes` (`id`) ON DELETE NO ACTION ON UPDATE NO ACTION,
  CONSTRAINT `id` FOREIGN KEY (`id`) REFERENCES `competition` (`id`) ON DELETE NO ACTION ON UPDATE NO ACTION
) ENGINE=InnoDB DEFAULT CHARSET=latin1;
/*!40101 SET character_set_client = @saved_cs_client */;

--
-- Dumping data for table `competition_details`
--

LOCK TABLES `competition_details` WRITE;
/*!40000 ALTER TABLE `competition_details` DISABLE KEYS */;
INSERT INTO `competition_details` VALUES (1,1,'2018-01-06','A'),(2,1,'2018-02-06','A'),(3,1,'2017-12-02','A'),(4,1,'2018-01-06','A'),(5,1,'2018-03-06','A'),(8,2,'2018-01-27','A'),(9,2,'2018-02-27','A'),(10,2,'2018-03-27','A'),(11,2,'2018-01-27','A'),(12,1,'2018-02-03','D'),(13,2,'2018-02-24','A'),(14,2,'2018-03-24','A'),(15,1,'2018-06-02','A'),(16,1,'2018-06-16','A'),(17,1,'2018-06-30','A'),(18,1,'2018-12-12','A'),(19,1,'2018-12-12','A'),(20,1,'2019-01-09','A'),(21,1,'2019-01-30','E'),(22,1,'2020-01-04','A'),(23,1,'2020-02-01','A'),(24,1,'2020-03-07','A'),(25,1,'2019-10-19','A'),(26,1,'2019-11-16','A'),(27,1,'2019-12-14','A');
/*!40000 ALTER TABLE `competition_details` ENABLE KEYS */;
UNLOCK TABLES;

--
-- Table structure for table `competition_results`
--

DROP TABLE IF EXISTS `competition_results`;
/*!40101 SET @saved_cs_client     = @@character_set_client */;
/*!40101 SET character_set_client = utf8 */;
CREATE TABLE `competition_results` (
  `competition_results_id` int(11) NOT NULL AUTO_INCREMENT,
  `id` int(11) NOT NULL,
  `code` int(11) NOT NULL,
  `date` date NOT NULL,
  `competitor_id` int(11) NOT NULL,
  `firearm_id` int(11) NOT NULL,
  `stock_division` bit(1) NOT NULL,
  `unlimited_division` bit(1) NOT NULL,
  `pocket_division` bit(1) NOT NULL,
  `limited_division` bit(1) NOT NULL,
  `revolver_division` bit(1) NOT NULL,
  `rimfire_division` bit(1) NOT NULL,
  `woman_division` bit(1) NOT NULL,
  `senior_division` bit(1) NOT NULL,
  `junior_division` bit(1) NOT NULL,
  `target_one_x` int(2) NOT NULL,
  `target_one_ten` int(2) NOT NULL,
  `target_one_eight` int(2) NOT NULL,
  `target_one_five` int(2) NOT NULL,
  `target_one_misses` int(2) NOT NULL,
  `target_two_x` int(2) NOT NULL,
  `target_two_ten` int(2) NOT NULL,
  `target_two_eight` int(2) NOT NULL,
  `target_two_five` int(2) NOT NULL,
  `target_two_misses` int(2) NOT NULL,
  `penalty` int(2) NOT NULL,
  `final_score` int(3) NOT NULL,
  `total_x` int(3) NOT NULL,
  `range_officer_initials` varchar(3) NOT NULL,
  `competitor_initials` varchar(3) NOT NULL,
  `additional_entry` bit(1) NOT NULL,
  `last_modified` datetime DEFAULT NULL,
  PRIMARY KEY (`competition_results_id`,`id`,`code`,`date`,`competitor_id`,`firearm_id`,`stock_division`,`unlimited_division`,`pocket_division`,`rimfire_division`),
  UNIQUE KEY `competition_results_id_UNIQUE` (`competition_results_id`),
  KEY `competitor_id_idx` (`competitor_id`),
  KEY `code_idx` (`code`),
  KEY `id_idx` (`id`),
  KEY `date_idx` (`date`),
  KEY `firearm_id_idx` (`firearm_id`),
  CONSTRAINT `competition_detail_code` FOREIGN KEY (`code`) REFERENCES `competition_details` (`code`) ON DELETE NO ACTION ON UPDATE NO ACTION,
  CONSTRAINT `competition_detail_id` FOREIGN KEY (`id`) REFERENCES `competition_details` (`id`) ON DELETE NO ACTION ON UPDATE NO ACTION,
  CONSTRAINT `competitor_id` FOREIGN KEY (`competitor_id`) REFERENCES `competitor` (`id`) ON DELETE NO ACTION ON UPDATE NO ACTION,
  CONSTRAINT `firearm_id` FOREIGN KEY (`firearm_id`) REFERENCES `firearm_models` (`id`) ON DELETE NO ACTION ON UPDATE NO ACTION
) ENGINE=InnoDB AUTO_INCREMENT=972 DEFAULT CHARSET=latin1;
/*!40101 SET character_set_client = @saved_cs_client */;

--
-- Dumping data for table `competition_results`
--

LOCK TABLES `competition_results` WRITE;
/*!40000 ALTER TABLE `competition_results` DISABLE KEYS */;
INSERT INTO `competition_results` VALUES (1,1,1,'2018-01-06',2,1,'','\0','\0','\0','\0','\0','\0','','\0',20,0,0,0,0,10,7,10,3,0,0,465,30,'RO','BB','\0',NULL),(2,1,1,'2018-01-06',2,2,'\0','','\0','\0','\0','\0','\0','\0','\0',20,0,0,0,0,25,1,2,2,0,0,486,45,'RO','BB','\0',NULL),(3,1,1,'2018-01-06',4,4,'\0','','\0','\0','\0','\0','\0','\0','\0',20,0,0,0,0,27,1,2,0,0,0,496,47,'RO','EF','\0',NULL),(4,1,1,'2018-01-06',5,4,'\0','','\0','\0','\0','\0','\0','\0','\0',20,0,0,0,0,20,5,3,2,0,0,484,40,'RO','EF','\0',NULL),(5,1,1,'2018-01-06',5,18,'','\0','\0','\0','\0','\0','\0','','\0',19,0,1,0,0,18,9,2,1,0,0,489,37,'RO','DD','\0',NULL),(6,1,1,'2018-01-06',6,14,'','\0','\0','\0','\0','\0','\0','\0','\0',19,0,1,0,0,18,9,3,0,0,0,492,37,'RO','DD','\0',NULL),(7,1,1,'2018-01-06',7,9,'','\0','\0','\0','\0','\0','\0','\0','\0',15,3,2,0,0,15,5,5,5,0,0,461,30,'RO','DD','\0',NULL),(8,1,1,'2018-01-06',8,9,'','\0','\0','\0','\0','\0','\0','','\0',15,3,2,0,0,16,4,5,5,0,0,461,31,'RO','MM','\0',NULL),(9,1,1,'2018-01-06',9,9,'','\0','\0','\0','\0','\0','','\0','\0',16,4,0,0,0,16,4,5,5,0,0,465,32,'RO','MM','\0',NULL),(10,1,1,'2018-01-06',9,28,'\0','\0','','\0','\0','\0','\0','\0','\0',10,0,0,0,0,12,2,1,0,0,0,248,22,'RO','MM','\0',NULL),(11,1,1,'2018-01-06',10,9,'','\0','\0','\0','\0','\0','\0','\0','\0',15,4,1,0,0,16,4,4,6,0,0,460,31,'RO','KF','\0',NULL),(12,1,1,'2018-01-06',10,29,'\0','\0','','\0','\0','\0','\0','\0','\0',10,0,0,0,0,14,0,1,0,0,0,248,24,'RO','KF','\0',NULL),(13,1,1,'2018-01-06',11,9,'','\0','\0','\0','\0','\0','\0','\0','',15,4,1,0,0,15,4,4,7,0,0,455,30,'RO','JM','\0',NULL),(14,1,1,'2018-01-06',12,21,'','\0','\0','\0','\0','\0','\0','\0','',18,1,1,0,0,20,5,3,2,0,8,474,38,'RO','TC','\0',NULL),(15,1,1,'2018-01-06',13,6,'','\0','\0','\0','\0','\0','\0','\0','',20,0,0,0,0,26,2,2,0,0,0,496,46,'','','\0',NULL),(16,2,1,'2018-02-06',2,1,'','\0','\0','\0','\0','\0','\0','\0','\0',20,0,0,0,0,20,5,3,1,1,1,479,40,'RO','BB','\0',NULL),(17,2,1,'2018-02-06',4,26,'','\0','\0','\0','\0','\0','\0','\0','\0',20,0,0,0,0,15,10,3,2,0,0,484,35,'RO','EF','\0',NULL),(18,2,1,'2018-02-06',9,9,'','\0','\0','\0','\0','\0','','\0','\0',20,0,0,0,0,22,2,5,1,0,0,485,42,'RO','MM','\0',NULL),(19,2,1,'2018-02-06',10,9,'','\0','\0','\0','\0','\0','\0','\0','\0',20,0,0,0,0,20,5,3,2,0,0,484,40,'RO','KF','\0',NULL),(20,2,1,'2018-02-06',12,21,'','\0','\0','\0','\0','\0','\0','\0','',20,0,0,0,0,30,0,0,0,0,0,500,50,'','','\0',NULL),(21,2,1,'2018-02-06',12,29,'\0','\0','','\0','\0','\0','\0','\0','\0',10,0,0,0,0,15,0,0,0,0,0,250,25,'RO','VD','\0',NULL),(22,3,1,'2017-12-02',14,2,'','\0','\0','\0','\0','\0','\0','\0','\0',20,0,0,0,0,15,6,9,0,0,0,482,35,'MR','','\0',NULL),(23,3,1,'2017-12-02',14,20,'\0','','\0','\0','\0','\0','\0','\0','\0',18,2,0,0,0,17,8,5,0,0,0,490,35,'MR','','\0',NULL),(24,3,1,'2017-12-02',15,4,'','\0','\0','\0','\0','\0','\0','\0','\0',18,2,0,0,0,10,5,10,5,0,0,455,28,'MR','','\0',NULL),(25,3,1,'2017-12-02',15,10,'','\0','\0','\0','\0','\0','\0','\0','\0',14,6,0,0,0,9,10,5,4,2,0,450,23,'MR','','\0',NULL),(26,3,1,'2017-12-02',16,4,'','\0','\0','\0','\0','\0','\0','\0','\0',8,4,2,6,0,0,2,6,16,6,0,314,8,'MR','','\0',NULL),(27,3,1,'2017-12-02',16,7,'','\0','\0','\0','\0','\0','\0','\0','\0',6,10,3,1,0,1,3,4,12,10,0,321,7,'MR','','\0',NULL),(28,3,1,'2017-12-02',17,20,'','\0','\0','\0','\0','\0','\0','','\0',15,5,0,0,0,6,13,3,8,0,0,454,21,'MR','','\0',NULL),(29,3,1,'2017-12-02',18,20,'','\0','\0','\0','\0','\0','\0','\0','\0',2,10,4,3,1,23,6,1,0,0,0,465,25,'MR','','\0',NULL),(30,3,1,'2017-12-02',19,4,'','\0','\0','\0','\0','\0','\0','\0','\0',8,8,1,3,0,6,5,3,11,5,0,372,14,'MR','','\0',NULL),(31,3,1,'2017-12-02',20,5,'','\0','\0','\0','\0','\0','\0','\0','\0',19,1,0,0,0,16,12,1,1,0,0,493,35,'MR','','\0',NULL),(32,3,1,'2017-12-02',20,20,'\0','','\0','\0','\0','\0','\0','\0','\0',20,0,0,0,0,22,7,1,0,0,0,498,42,'MR','','\0',NULL),(33,3,1,'2017-12-02',20,29,'\0','\0','','\0','\0','\0','\0','\0','\0',10,0,0,0,0,10,4,1,0,0,0,248,20,'MR','','\0',NULL),(34,3,1,'2017-12-02',21,3,'\0','','\0','\0','\0','\0','\0','\0','\0',19,0,0,0,1,9,20,1,0,0,0,488,28,'MR','','\0',NULL),(35,3,1,'2017-12-02',21,27,'\0','','\0','\0','\0','\0','\0','\0','\0',16,2,0,0,2,17,11,0,2,0,0,470,33,'MR','','\0',NULL),(36,3,1,'2017-12-02',22,1,'\0','','\0','\0','\0','\0','\0','\0','\0',18,2,0,0,0,9,9,5,7,0,0,455,27,'MR','','\0',NULL),(37,3,1,'2017-12-02',23,20,'','\0','\0','\0','\0','\0','\0','\0','\0',12,7,1,0,0,4,13,6,3,4,0,431,16,'MR','','\0',NULL),(38,3,1,'2017-12-02',24,4,'','\0','\0','\0','\0','\0','\0','','\0',12,7,1,0,0,4,6,9,8,3,0,410,16,'MR','','\0',NULL),(39,3,1,'2017-12-02',24,20,'','\0','\0','\0','\0','\0','\0','','\0',12,6,2,0,0,4,7,11,6,2,0,424,16,'MR','','\0',NULL),(40,3,1,'2017-12-02',24,29,'\0','\0','','\0','\0','\0','\0','\0','\0',2,7,1,0,0,5,8,1,1,0,0,241,7,'MR','','\0',NULL),(41,3,1,'2017-12-02',25,1,'','\0','\0','\0','\0','\0','\0','','\0',8,10,2,0,0,2,8,6,8,6,0,384,10,'MR','','\0',NULL),(42,3,1,'2017-12-02',25,20,'','\0','\0','\0','\0','\0','\0','','\0',8,6,3,3,0,2,11,5,10,2,0,399,10,'MR','','\0',NULL),(43,3,1,'2017-12-02',26,4,'','\0','\0','\0','\0','\0','\0','','\0',14,6,0,0,0,12,9,2,7,0,0,461,26,'MR','','\0',NULL),(44,3,1,'2017-12-02',27,4,'\0','','\0','\0','\0','\0','\0','\0','\0',16,4,0,0,0,11,9,4,5,1,0,457,27,'MR','','\0',NULL),(45,3,1,'2017-12-02',27,28,'\0','\0','','\0','\0','\0','\0','\0','\0',7,3,0,0,0,4,6,3,2,0,0,234,11,'MR','','\0',NULL),(46,3,1,'2017-12-02',29,1,'','\0','\0','\0','\0','\0','\0','\0','\0',13,7,0,0,0,2,12,13,3,0,0,459,15,'MR','','\0',NULL),(47,3,1,'2017-12-02',29,29,'\0','\0','','\0','\0','\0','\0','\0','\0',9,1,0,0,0,6,2,1,0,6,0,188,15,'MR','','\0',NULL),(48,3,1,'2017-12-02',30,20,'','\0','\0','\0','\0','\0','\0','\0','\0',15,4,1,0,0,11,12,6,1,0,0,481,26,'MR','','\0',NULL),(49,3,1,'2017-12-02',31,1,'','\0','\0','\0','\0','\0','\0','','\0',13,6,1,0,0,2,9,9,6,4,0,410,15,'MR','','\0',NULL),(50,3,1,'2017-12-02',31,20,'','\0','\0','\0','\0','\0','\0','','\0',16,3,1,0,0,5,11,11,3,0,0,461,21,'MR','','\0',NULL),(51,3,1,'2017-12-02',31,29,'\0','\0','','\0','\0','\0','\0','\0','\0',6,3,1,0,0,7,5,1,2,0,0,236,13,'MR','','\0',NULL),(52,3,1,'2017-12-02',32,1,'','\0','\0','\0','\0','\0','\0','','\0',6,11,3,0,0,5,6,8,11,0,0,423,11,'MR','','\0',NULL),(53,3,1,'2017-12-02',32,20,'\0','','\0','\0','\0','\0','\0','\0','\0',12,8,0,0,0,5,14,4,7,0,0,457,17,'MR','','\0',NULL),(54,3,1,'2017-12-02',34,4,'','\0','\0','\0','\0','\0','\0','','\0',14,3,3,0,0,7,8,9,6,0,0,446,21,'MR','','\0',NULL),(55,3,1,'2017-12-02',34,29,'\0','\0','','\0','\0','\0','\0','\0','\0',4,6,0,0,0,1,10,3,1,0,0,239,5,'MR','','\0',NULL),(56,3,1,'2017-12-02',35,2,'','\0','\0','\0','\0','\0','','\0','\0',11,8,1,0,0,10,7,7,6,0,0,454,21,'MR','','\0',NULL),(58,3,1,'2017-12-02',36,20,'\0','','\0','\0','\0','\0','\0','\0','\0',14,6,0,0,0,8,12,8,2,0,0,474,22,'MR','','\0',NULL),(59,3,1,'2017-12-02',37,1,'','\0','\0','\0','\0','\0','\0','\0','\0',19,1,0,0,0,13,10,5,2,0,0,480,32,'MR','','\0',NULL),(60,3,1,'2017-12-02',37,20,'\0','','\0','\0','\0','\0','\0','\0','\0',20,0,0,0,0,19,9,1,1,0,0,493,39,'MR','','\0',NULL),(61,3,1,'2017-12-02',37,29,'\0','\0','','\0','\0','\0','\0','\0','\0',10,0,0,0,0,10,5,0,0,0,0,250,20,'MR','','\0',NULL),(62,3,1,'2017-12-02',39,1,'','\0','\0','\0','\0','\0','\0','\0','\0',17,3,0,0,0,5,14,5,6,0,0,460,22,'MR','','\0',NULL),(63,3,1,'2017-12-02',39,13,'','\0','\0','\0','\0','\0','\0','\0','\0',10,10,0,0,0,7,13,6,4,0,0,468,17,'MR','','\0',NULL),(64,3,1,'2017-12-02',39,29,'\0','\0','','\0','\0','\0','\0','\0','\0',6,4,0,0,0,3,3,6,3,0,0,223,9,'MR','','\0',NULL),(65,3,1,'2017-12-02',40,20,'\0','','\0','\0','\0','\0','\0','\0','\0',3,4,3,10,0,4,5,8,11,2,0,353,7,'MR','','\0',NULL),(66,3,1,'2017-12-02',40,20,'','\0','\0','\0','\0','\0','\0','\0','\0',15,5,0,0,0,5,5,12,8,0,0,436,20,'MR','','\0',NULL),(67,3,1,'2017-12-02',41,4,'','\0','\0','\0','\0','\0','\0','\0','\0',12,8,0,0,0,8,8,11,3,0,0,463,20,'MR','','\0',NULL),(72,3,1,'2017-12-02',43,1,'','\0','\0','\0','\0','\0','','\0','\0',3,7,3,6,1,1,4,3,10,12,0,278,4,'MR','','\0',NULL),(73,3,1,'2017-12-02',43,29,'\0','\0','','\0','\0','\0','\0','\0','\0',4,3,3,0,0,1,2,2,7,3,0,175,5,'MR','','\0',NULL),(74,3,1,'2017-12-02',44,4,'\0','','\0','\0','\0','\0','\0','\0','\0',16,4,0,0,0,5,5,12,8,0,0,436,21,'MR','','\0',NULL),(75,3,1,'2017-12-02',44,29,'\0','\0','','\0','\0','\0','\0','\0','\0',10,0,0,0,0,9,5,1,0,0,0,248,19,'MR','','\0',NULL),(76,3,1,'2017-12-02',45,1,'','\0','\0','\0','\0','\0','\0','','\0',18,2,0,0,0,6,9,7,7,1,0,441,24,'MR','','\0',NULL),(77,3,1,'2017-12-02',45,29,'\0','\0','','\0','\0','\0','\0','\0','\0',10,0,0,0,0,5,4,3,3,0,0,229,15,'MR','','\0',NULL),(78,3,1,'2017-12-02',46,1,'','\0','\0','\0','\0','\0','\0','\0','\0',10,4,6,0,0,3,12,3,5,7,0,387,13,'MR','','\0',NULL),(79,3,1,'2017-12-02',46,4,'','\0','\0','\0','\0','\0','\0','\0','\0',10,8,2,0,0,4,8,5,12,1,0,416,14,'MR','','\0',NULL),(80,3,1,'2017-12-02',47,4,'','\0','\0','\0','\0','\0','\0','\0','\0',3,1,5,9,2,3,2,1,13,11,0,248,6,'MR','','\0',NULL),(81,3,1,'2017-12-02',48,1,'','\0','\0','\0','\0','\0','\0','','\0',1,3,10,5,1,1,7,3,11,8,0,304,2,'MR','','\0',NULL),(82,3,1,'2017-12-02',49,1,'','\0','\0','\0','\0','\0','\0','\0','\0',17,3,0,0,0,6,6,8,10,0,0,434,23,'MR','','\0',NULL),(83,3,1,'2017-12-02',49,4,'','\0','\0','\0','\0','\0','\0','\0','\0',18,2,0,0,0,13,9,4,4,0,0,472,31,'MR','','\0',NULL),(84,3,1,'2017-12-02',49,13,'','\0','\0','\0','\0','\0','\0','\0','\0',8,3,0,0,9,14,6,4,6,0,0,372,22,'MR','','\0',NULL),(85,3,1,'2017-12-02',50,4,'','\0','\0','\0','\0','\0','\0','','\0',18,2,0,0,0,15,10,5,0,0,0,490,33,'MR','','\0',NULL),(86,3,1,'2017-12-02',50,29,'\0','\0','','\0','\0','\0','\0','\0','\0',8,2,0,0,0,7,5,2,1,0,0,241,15,'MR','','\0',NULL),(87,3,1,'2017-12-02',51,1,'','\0','\0','\0','\0','\0','\0','\0','',8,12,0,0,0,1,3,6,11,9,0,343,9,'MR','','\0',NULL),(88,3,1,'2017-12-02',51,29,'\0','\0','','\0','\0','\0','\0','\0','\0',2,3,3,2,0,0,1,8,5,1,0,183,2,'MR','','\0',NULL),(89,3,1,'2017-12-02',53,4,'','\0','\0','\0','\0','\0','\0','\0','\0',10,8,2,0,0,2,9,8,6,5,0,400,12,'MR','','\0',NULL),(90,3,1,'2017-12-02',53,29,'\0','\0','','\0','\0','\0','\0','\0','\0',7,3,0,0,0,5,6,2,2,0,0,236,12,'MR','','\0',NULL),(91,3,1,'2017-12-02',54,4,'','\0','\0','\0','\0','\0','\0','','\0',13,4,2,1,0,4,7,7,12,0,0,417,17,'MR','','\0',NULL),(92,3,1,'2017-12-02',55,1,'','\0','\0','\0','\0','\0','\0','\0','\0',12,7,1,0,0,8,11,5,6,0,0,458,20,'MR','','\0',NULL),(93,3,1,'2017-12-02',56,1,'','\0','\0','\0','\0','\0','','','\0',2,8,5,5,0,3,2,6,12,7,0,323,5,'MR','','\0',NULL),(94,3,1,'2017-12-02',57,3,'','\0','\0','\0','\0','\0','\0','\0','\0',9,5,4,2,0,4,8,5,12,1,0,402,13,'MR','','\0',NULL),(95,3,1,'2017-12-02',58,1,'','\0','\0','\0','\0','\0','','\0','\0',4,6,2,7,1,0,4,3,15,8,0,290,4,'MR','','\0',NULL),(96,3,1,'2017-12-02',59,3,'','\0','\0','\0','\0','\0','','\0','\0',9,6,2,0,3,2,2,3,2,21,0,240,11,'MR','','\0',NULL),(97,3,1,'2017-12-02',59,20,'','\0','\0','\0','\0','\0','','\0','\0',6,4,4,4,2,1,4,7,12,6,0,318,7,'MR','','\0',NULL),(98,3,1,'2017-12-02',60,1,'','\0','\0','\0','\0','\0','\0','','\0',2,6,5,5,2,9,13,5,3,0,0,420,11,'MR','','\0',NULL),(99,3,1,'2017-12-02',60,26,'\0','','\0','\0','\0','\0','\0','\0','\0',1,4,5,5,5,15,9,5,1,0,0,400,16,'MR','','\0',NULL),(100,4,1,'2018-01-06',14,2,'','\0','\0','\0','\0','\0','\0','\0','\0',16,4,0,0,0,11,12,4,3,0,0,477,27,'MR','','\0',NULL),(101,4,1,'2018-01-06',14,20,'\0','','\0','\0','\0','\0','\0','\0','\0',19,1,0,0,0,18,8,0,4,0,0,480,37,'MR','','\0',NULL),(102,4,1,'2018-01-06',15,4,'','\0','\0','\0','\0','\0','\0','\0','\0',17,3,0,0,0,11,8,5,5,1,1,455,28,'MR','','\0',NULL),(103,4,1,'2018-01-06',15,10,'','\0','\0','\0','\0','\0','\0','\0','\0',16,3,1,0,0,8,12,5,5,0,0,463,24,'MR','','\0',NULL),(104,4,1,'2018-01-06',16,4,'','\0','\0','\0','\0','\0','\0','\0','\0',6,5,7,2,0,1,6,8,11,4,4,365,7,'MR','','\0',NULL),(105,4,1,'2018-01-06',16,7,'','\0','\0','\0','\0','\0','\0','\0','\0',4,8,3,5,0,3,8,2,5,12,12,320,7,'MR','','\0',NULL),(106,4,1,'2018-01-06',17,20,'','\0','\0','\0','\0','\0','\0','\0','\0',14,5,1,0,0,9,10,5,6,0,0,458,23,'MR','','\0',NULL),(107,4,1,'2018-01-06',19,4,'','\0','\0','\0','\0','\0','\0','\0','\0',3,11,5,0,1,3,8,4,8,7,8,362,6,'MR','','\0',NULL),(108,4,1,'2018-01-06',20,5,'','\0','\0','\0','\0','\0','\0','\0','\0',20,0,0,0,0,10,15,4,1,0,0,487,30,'MR','','\0',NULL),(109,4,1,'2018-01-06',20,20,'\0','','\0','\0','\0','\0','\0','\0','\0',20,0,0,0,0,20,10,0,0,0,0,500,40,'MR','','\0',NULL),(110,4,1,'2018-01-06',20,29,'\0','\0','','\0','\0','\0','\0','\0','\0',10,0,0,0,0,8,5,2,0,0,0,246,18,'MR','','\0',NULL),(111,4,1,'2018-01-06',21,3,'\0','','\0','\0','\0','\0','\0','\0','\0',18,2,0,0,0,11,7,8,4,0,0,464,29,'MR','','\0',NULL),(112,4,1,'2018-01-06',21,27,'\0','','\0','\0','\0','\0','\0','\0','\0',19,0,1,0,0,4,11,8,7,0,0,447,23,'MR','','\0',NULL),(113,4,1,'2018-01-06',22,1,'','\0','\0','\0','\0','\0','\0','\0','\0',19,1,0,0,0,19,5,3,3,0,0,479,38,'MR','','\0',NULL),(114,4,1,'2018-01-06',23,20,'','\0','\0','\0','\0','\0','\0','\0','\0',10,5,4,1,0,5,10,6,9,0,0,430,15,'MR','','\0',NULL),(115,4,1,'2018-01-06',24,4,'','\0','\0','\0','\0','\0','\0','','\0',13,7,0,0,0,6,7,10,5,2,2,435,19,'MR','','\0',NULL),(116,4,1,'2018-01-06',24,20,'','\0','\0','\0','\0','\0','\0','','\0',16,2,2,0,0,10,7,8,4,1,1,450,26,'MR','','\0',NULL),(117,4,1,'2018-01-06',24,29,'\0','\0','','\0','\0','\0','\0','\0','\0',5,5,0,0,0,4,6,2,3,0,0,231,9,'MR','','\0',NULL),(118,4,1,'2018-01-06',26,4,'','\0','\0','\0','\0','\0','\0','\0','\0',7,8,4,1,0,5,7,6,10,2,2,405,12,'MR','','\0',NULL),(119,4,1,'2018-01-06',27,4,'\0','','\0','\0','\0','\0','\0','\0','\0',17,3,0,0,0,9,9,9,3,0,0,467,26,'MR','','\0',NULL),(120,4,1,'2018-01-06',27,28,'\0','\0','','\0','\0','\0','\0','\0','\0',8,2,0,0,0,4,8,3,0,0,0,244,12,'MR','','\0',NULL),(121,4,1,'2018-01-06',29,1,'','\0','\0','\0','\0','\0','\0','\0','\0',16,4,0,0,0,9,12,7,2,0,0,476,25,'MR','','\0',NULL),(122,4,1,'2018-01-06',29,29,'\0','\0','','\0','\0','\0','\0','\0','\0',10,0,0,0,0,4,4,5,2,0,0,230,14,'MR','','\0',NULL),(123,4,1,'2018-01-06',30,20,'','\0','\0','\0','\0','\0','\0','\0','\0',13,6,1,0,0,14,7,6,3,0,0,471,27,'MR','','\0',NULL),(124,4,1,'2018-01-06',32,1,'','\0','\0','\0','\0','\0','\0','','\0',13,6,1,0,0,6,11,6,6,1,1,446,19,'MR','','\0',NULL),(125,4,1,'2018-01-06',32,20,'\0','','\0','\0','\0','\0','\0','\0','\0',14,5,0,1,0,7,11,8,4,0,0,459,21,'MR','','\0',NULL),(126,4,1,'2018-01-06',34,4,'','\0','\0','\0','\0','\0','\0','','\0',12,7,1,0,0,4,11,6,9,0,0,441,16,'MR','','\0',NULL),(127,4,1,'2018-01-06',34,29,'\0','\0','','\0','\0','\0','\0','\0','\0',8,2,0,0,0,6,5,1,3,0,0,233,14,'MR','','\0',NULL),(128,4,1,'2018-01-06',35,2,'','\0','\0','\0','\0','\0','','\0','\0',17,3,0,0,0,9,6,8,6,1,1,444,26,'MR','','\0',NULL),(129,4,1,'2018-01-06',35,29,'\0','\0','','\0','\0','\0','\0','\0','\0',9,1,0,0,0,7,6,1,1,0,0,243,16,'MR','','\0',NULL),(130,4,1,'2018-01-06',37,1,'','\0','\0','\0','\0','\0','\0','\0','\0',20,0,0,0,0,14,8,5,3,0,0,475,34,'MR','','\0',NULL),(131,4,1,'2018-01-06',37,20,'\0','','\0','\0','\0','\0','\0','\0','\0',20,0,0,0,0,14,15,1,0,0,0,498,34,'MR','','\0',NULL),(132,4,1,'2018-01-06',37,29,'\0','\0','','\0','\0','\0','\0','\0','\0',10,0,0,0,0,10,5,0,0,0,0,250,20,'MR','','\0',NULL),(133,4,1,'2018-01-06',39,1,'','\0','\0','\0','\0','\0','\0','\0','\0',18,2,0,0,0,7,15,3,5,0,0,469,25,'MR','','\0',NULL),(134,4,1,'2018-01-06',39,13,'','\0','\0','\0','\0','\0','\0','\0','\0',15,5,0,0,0,3,11,14,2,0,0,462,18,'MR','','\0',NULL),(135,4,1,'2018-01-06',39,29,'\0','\0','','\0','\0','\0','\0','\0','\0',7,1,2,0,0,2,8,5,0,0,0,236,9,'MR','','\0',NULL),(136,4,1,'2018-01-06',40,20,'\0','','\0','\0','\0','\0','\0','\0','\0',14,6,0,0,0,4,9,9,8,0,0,442,18,'MR','','\0',NULL),(137,4,1,'2018-01-06',40,20,'','\0','\0','\0','\0','\0','\0','\0','\0',11,9,0,0,0,4,5,7,14,0,0,416,15,'MR','','\0',NULL),(138,4,1,'2018-01-06',41,4,'','\0','\0','\0','\0','\0','\0','\0','\0',13,5,1,0,1,7,9,6,2,6,7,406,20,'MR','','\0',NULL),(143,4,1,'2018-01-06',43,1,'','\0','\0','\0','\0','\0','','\0','\0',5,3,6,6,0,1,1,2,13,13,13,259,6,'MR','','\0',NULL),(144,4,1,'2018-01-06',43,29,'\0','\0','','\0','\0','\0','\0','\0','\0',3,3,1,3,0,2,1,2,6,4,4,159,5,'MR','','\0',NULL),(145,4,1,'2018-01-06',45,1,'','\0','\0','\0','\0','\0','\0','','\0',14,6,0,0,0,6,13,6,4,1,1,458,20,'MR','','\0',NULL),(146,4,1,'2018-01-06',45,29,'\0','\0','','\0','\0','\0','\0','\0','\0',9,1,0,0,0,8,3,2,2,0,0,236,17,'MR','','\0',NULL),(147,4,1,'2018-01-06',46,1,'','\0','\0','\0','\0','\0','\0','\0','\0',14,5,1,0,0,2,10,4,13,1,1,415,16,'MR','','\0',NULL),(148,4,1,'2018-01-06',46,4,'','\0','\0','\0','\0','\0','\0','\0','\0',15,4,1,0,0,5,8,4,11,2,2,415,20,'MR','','\0',NULL),(149,4,1,'2018-01-06',48,1,'','\0','\0','\0','\0','\0','\0','\0','\0',8,7,2,3,0,2,5,5,10,8,8,341,10,'MR','','\0',NULL),(150,4,1,'2018-01-06',49,1,'','\0','\0','\0','\0','\0','\0','\0','\0',14,6,0,0,0,9,12,5,4,0,0,470,23,'MR','','\0',NULL),(151,4,1,'2018-01-06',49,4,'','\0','\0','\0','\0','\0','\0','\0','\0',17,3,0,0,0,7,10,9,4,0,0,462,24,'MR','','\0',NULL),(152,4,1,'2018-01-06',49,13,'','\0','\0','\0','\0','\0','\0','\0','\0',19,1,0,0,0,9,5,9,7,0,0,447,28,'MR','','\0',NULL),(153,4,1,'2018-01-06',50,4,'','\0','\0','\0','\0','\0','\0','','\0',20,0,0,0,0,13,7,3,7,0,0,459,33,'MR','','\0',NULL),(154,4,1,'2018-01-06',50,29,'\0','\0','','\0','\0','\0','\0','\0','\0',10,0,0,0,0,5,7,2,1,0,0,241,15,'MR','','\0',NULL),(155,4,1,'2018-01-06',51,4,'','\0','\0','\0','\0','\0','\0','\0','',8,4,4,3,1,3,4,5,6,12,13,307,11,'MR','','\0',NULL),(156,4,1,'2018-01-06',51,29,'\0','\0','','\0','\0','\0','\0','\0','\0',1,4,1,4,0,0,2,0,7,6,6,133,1,'MR','','\0',NULL),(157,4,1,'2018-01-06',53,4,'','\0','\0','\0','\0','\0','\0','\0','\0',13,6,1,0,0,2,6,13,8,1,1,422,15,'MR','','\0',NULL),(158,4,1,'2018-01-06',53,29,'\0','\0','','\0','\0','\0','\0','\0','\0',8,2,0,0,0,6,5,3,1,0,0,239,14,'MR','','\0',NULL),(159,4,1,'2018-01-06',54,4,'','\0','\0','\0','\0','\0','\0','','\0',4,12,1,3,0,2,12,7,5,4,4,404,6,'MR','','\0',NULL),(160,4,1,'2018-01-06',55,1,'','\0','\0','\0','\0','\0','\0','\0','\0',15,5,0,0,0,6,13,2,9,0,0,451,21,'MR','','\0',NULL),(161,4,1,'2018-01-06',55,7,'','\0','\0','\0','\0','\0','\0','\0','\0',12,5,2,1,0,7,12,5,5,1,1,446,19,'MR','','\0',NULL),(162,4,1,'2018-01-06',57,3,'','\0','\0','\0','\0','\0','\0','\0','\0',15,5,0,0,0,9,9,7,4,1,1,456,24,'MR','','\0',NULL),(163,4,1,'2018-01-06',59,3,'','\0','\0','\0','\0','\0','','\0','\0',5,5,2,5,3,2,4,8,10,6,9,315,7,'MR','','\0',NULL),(164,4,1,'2018-01-06',59,20,'','\0','\0','\0','\0','\0','','\0','\0',6,6,7,1,0,1,5,11,9,4,4,374,7,'MR','','\0',NULL),(165,4,1,'2018-01-06',59,29,'\0','\0','','\0','\0','\0','\0','\0','\0',1,2,5,2,0,1,0,2,9,3,3,151,2,'MR','','\0',NULL),(166,4,1,'2018-01-06',60,1,'','\0','\0','\0','\0','\0','\0','\0','\0',9,5,4,2,0,4,8,6,8,4,4,390,13,'MR','','\0',NULL),(167,4,1,'2018-01-06',60,26,'\0','','\0','\0','\0','\0','\0','\0','\0',11,5,1,3,0,4,9,6,8,3,3,401,15,'MR','','\0',NULL),(168,4,1,'2018-01-06',61,27,'','\0','\0','\0','\0','\0','\0','\0','\0',15,4,1,0,0,9,14,4,3,0,0,475,24,'MR','','\0',NULL),(169,4,1,'2018-01-06',61,29,'\0','\0','','\0','\0','\0','\0','\0','\0',10,0,0,0,0,5,8,2,0,0,0,246,15,'MR','','\0',NULL),(170,4,1,'2018-01-06',62,4,'','\0','\0','\0','\0','\0','\0','\0','\0',16,3,1,0,0,7,10,9,4,0,0,460,23,'MR','','\0',NULL),(171,4,1,'2018-01-06',63,4,'','\0','\0','\0','\0','\0','\0','\0','\0',11,4,2,0,3,8,6,3,11,2,5,385,19,'MR','','\0',NULL),(172,4,1,'2018-01-06',64,4,'','\0','\0','\0','\0','\0','\0','\0','\0',8,7,2,0,3,5,7,9,9,0,3,403,13,'MR','','\0',NULL),(173,4,1,'2018-01-06',65,4,'','\0','\0','\0','\0','\0','\0','\0','\0',10,2,4,4,0,3,6,5,9,7,7,347,13,'MR','','\0',NULL),(174,4,1,'2018-01-06',66,1,'','\0','\0','\0','\0','\0','\0','\0','\0',12,7,1,0,0,9,11,5,5,0,0,463,21,'MR','','\0',NULL),(175,4,1,'2018-01-06',66,26,'\0','','\0','\0','\0','\0','\0','\0','\0',19,1,0,0,0,12,14,2,2,0,0,486,31,'MR','','\0',NULL),(176,4,1,'2018-01-06',67,28,'\0','\0','','\0','\0','\0','\0','\0','\0',6,4,0,0,0,4,7,3,1,0,0,239,10,'MR','','\0',NULL),(177,4,1,'2018-01-06',67,29,'\0','\0','','\0','\0','\0','\0','\0','\0',5,5,0,0,0,4,8,3,0,0,0,244,9,'MR','','\0',NULL),(178,4,1,'2018-01-06',68,1,'\0','','\0','\0','\0','\0','\0','\0','\0',15,5,0,0,0,3,8,9,8,2,2,422,18,'MR','','\0',NULL),(179,4,1,'2018-01-06',69,20,'','\0','\0','\0','\0','\0','\0','\0','\0',13,7,0,0,0,7,8,6,9,0,0,443,20,'MR','','\0',NULL),(180,4,1,'2018-01-06',70,20,'\0','','\0','\0','\0','\0','\0','\0','\0',10,9,1,0,0,9,14,5,2,0,0,478,19,'MR','','\0',NULL),(181,4,1,'2018-01-06',71,1,'','\0','\0','\0','\0','\0','\0','\0','\0',6,9,3,2,0,0,6,10,9,5,5,369,6,'MR','','\0',NULL),(182,4,1,'2018-01-06',72,13,'','\0','\0','\0','\0','\0','\0','\0','\0',5,9,2,4,0,1,2,2,10,15,15,272,6,'MR','','\0',NULL),(183,4,1,'2018-01-06',73,2,'\0','','\0','\0','\0','\0','\0','\0','\0',20,0,0,0,0,18,5,6,1,0,0,483,38,'MR','','\0',NULL),(184,4,1,'2018-01-06',74,2,'\0','','\0','\0','\0','\0','\0','\0','\0',7,6,2,5,0,3,4,8,15,0,0,380,10,'MR','','\0',NULL),(185,4,1,'2018-01-06',75,4,'','\0','\0','\0','\0','\0','\0','','\0',4,8,6,2,0,0,2,7,12,9,9,314,4,'MR','','\0',NULL),(186,4,1,'2018-01-06',75,28,'\0','\0','','\0','\0','\0','\0','\0','\0',0,2,0,6,2,0,1,4,6,4,6,122,0,'MR','','\0',NULL),(187,4,1,'2018-01-06',76,1,'','\0','\0','\0','\0','\0','\0','\0','\0',13,6,1,0,0,9,8,6,7,0,0,451,22,'MR','','\0',NULL),(188,4,1,'2018-01-06',76,29,'\0','\0','','\0','\0','\0','\0','\0','\0',7,3,0,0,0,4,2,8,1,0,0,229,11,'MR','','\0',NULL),(189,4,1,'2018-01-06',77,1,'','\0','\0','\0','\0','\0','\0','\0','\0',6,8,5,1,0,8,6,7,4,5,5,401,14,'MR','','\0',NULL),(190,4,1,'2018-01-06',78,4,'','\0','\0','\0','\0','\0','','\0','\0',5,8,4,2,1,0,3,7,10,10,11,308,5,'MR','','\0',NULL),(191,4,1,'2018-01-06',79,29,'\0','\0','','\0','\0','\0','\0','\0','\0',6,2,1,1,0,2,4,3,4,2,2,197,8,'MR','','\0',NULL),(192,4,1,'2018-01-06',80,1,'','\0','\0','\0','\0','\0','\0','\0','\0',10,4,5,1,0,8,9,7,6,0,0,441,18,'MR','','\0',NULL),(193,4,1,'2018-01-06',81,4,'\0','','\0','\0','\0','\0','\0','\0','\0',16,4,0,0,0,12,10,7,1,0,0,481,28,'MR','','\0',NULL),(194,4,1,'2018-01-06',81,21,'\0','','\0','\0','\0','\0','\0','\0','\0',15,5,0,0,0,14,10,5,1,0,0,485,29,'MR','','\0',NULL),(195,4,1,'2018-01-06',82,8,'','\0','\0','\0','\0','\0','\0','\0','\0',12,7,0,1,0,10,3,11,6,0,0,443,22,'MR','','\0',NULL),(196,5,1,'2018-03-06',4,26,'','\0','\0','\0','\0','\0','\0','\0','\0',20,0,0,0,0,18,10,2,0,0,0,496,38,'RO','EF','\0',NULL),(197,5,1,'2018-03-06',5,18,'','\0','\0','\0','\0','\0','\0','','\0',20,0,0,0,0,20,6,2,2,0,0,486,40,'RO','DD','\0',NULL),(198,5,1,'2018-03-06',9,9,'','\0','\0','\0','\0','\0','','\0','\0',20,0,0,0,0,20,8,1,1,0,0,493,40,'RO','MM','\0',NULL),(199,5,1,'2018-03-06',13,6,'','\0','\0','\0','\0','\0','\0','\0','',20,0,0,0,0,20,2,6,2,0,0,478,40,'RO','FB','\0',NULL),(200,8,1,'2018-01-27',2,33,'','\0','\0','\0','\0','\0','\0','\0','\0',20,0,0,0,0,20,3,3,4,0,0,474,40,'RO','BB','\0',NULL),(203,11,2,'2018-01-27',14,36,'\0','\0','\0','','\0','\0','\0','\0','\0',19,1,0,0,0,13,13,3,1,0,0,489,32,'MR','','\0',NULL),(204,11,2,'2018-01-27',14,43,'\0','\0','\0','','\0','\0','\0','\0','\0',20,0,0,0,0,11,13,3,3,0,0,479,31,'MR','','\0',NULL),(205,11,2,'2018-01-27',15,3,'\0','\0','\0','','\0','\0','\0','\0','\0',12,5,3,0,0,6,9,8,7,0,0,443,18,'MR','','\0',NULL),(206,11,2,'2018-01-27',15,4,'\0','\0','\0','','\0','\0','\0','\0','\0',15,5,0,0,0,10,9,5,5,1,1,455,25,'MR','','\0',NULL),(207,11,2,'2018-01-27',15,10,'\0','\0','\0','','\0','\0','\0','\0','\0',14,6,0,0,0,5,11,7,4,3,3,436,19,'MR','','\0',NULL),(208,11,2,'2018-01-27',20,20,'\0','','\0','\0','\0','\0','\0','\0','\0',20,0,0,0,0,23,5,2,0,0,0,496,43,'MR','','\0',NULL),(209,11,2,'2018-01-27',20,29,'\0','','\0','\0','\0','\0','\0','\0','\0',19,1,0,0,0,14,9,2,1,4,4,451,33,'MR','','\0',NULL),(210,11,2,'2018-01-27',20,33,'\0','\0','\0','','\0','\0','\0','\0','\0',19,1,0,0,0,12,11,5,2,0,0,480,31,'MR','','\0',NULL),(211,11,2,'2018-01-27',20,39,'\0','\0','\0','','\0','\0','\0','\0','\0',19,1,0,0,0,14,8,6,2,0,0,478,33,'MR','','\0',NULL),(212,11,2,'2018-01-27',21,37,'\0','\0','\0','','\0','\0','\0','\0','\0',15,5,0,0,0,12,10,7,1,0,0,481,27,'MR','','\0',NULL),(213,11,2,'2018-01-27',22,1,'\0','\0','\0','','\0','\0','\0','\0','\0',18,2,0,0,0,21,7,2,0,0,0,496,39,'MR','','\0',NULL),(214,11,2,'2018-01-27',22,20,'\0','\0','\0','','\0','\0','\0','\0','\0',14,6,0,0,0,17,6,2,4,1,1,466,31,'MR','','\0',NULL),(215,11,2,'2018-01-27',22,57,'\0','\0','\0','','\0','\0','\0','\0','\0',14,6,0,0,0,16,11,2,1,0,0,491,30,'MR','','\0',NULL),(216,11,2,'2018-01-27',26,2,'\0','\0','\0','','\0','\0','\0','\0','\0',2,11,5,2,0,0,5,10,12,3,3,370,2,'MR','','\0',NULL),(217,11,2,'2018-01-27',26,4,'\0','\0','\0','','\0','\0','\0','\0','\0',8,5,5,2,0,0,4,5,19,2,2,355,8,'MR','','\0',NULL),(218,11,2,'2018-01-27',37,20,'\0','','\0','\0','\0','\0','\0','\0','\0',19,1,0,0,0,21,8,1,0,0,0,498,40,'MR','','\0',NULL),(219,11,2,'2018-01-27',37,54,'\0','\0','\0','','\0','\0','\0','\0','\0',15,5,0,0,0,11,8,7,4,0,0,466,26,'MR','','\0',NULL),(220,11,2,'2018-01-27',37,55,'\0','\0','\0','','\0','\0','\0','\0','\0',16,4,0,0,0,14,11,2,3,0,0,481,30,'MR','','\0',NULL),(221,11,2,'2018-01-27',37,59,'\0','\0','\0','\0','','\0','\0','\0','\0',10,0,0,0,0,6,8,1,0,0,0,248,16,'MR','','\0',NULL),(227,11,2,'2018-01-27',50,40,'\0','\0','\0','\0','','\0','\0','\0','\0',9,1,0,0,0,4,8,3,0,0,0,244,13,'MR','','\0',NULL),(228,11,2,'2018-01-27',50,57,'\0','\0','\0','','\0','\0','\0','\0','\0',18,2,0,0,0,19,8,3,0,0,0,494,37,'MR','','\0',NULL),(229,11,2,'2018-01-27',54,4,'\0','\0','\0','','\0','\0','\0','\0','\0',14,5,1,0,0,6,5,7,7,5,5,399,20,'MR','','\0',NULL),(230,11,2,'2018-01-27',55,1,'\0','\0','\0','','\0','\0','\0','\0','\0',13,6,1,0,0,7,6,5,9,3,3,413,20,'MR','','\0',NULL),(231,11,2,'2018-01-27',55,50,'\0','\0','\0','\0','\0','','\0','\0','\0',12,5,3,0,0,3,15,8,4,0,0,458,15,'MR','','\0',NULL),(232,11,2,'2018-01-27',60,1,'\0','\0','\0','','\0','\0','\0','\0','\0',1,10,7,2,0,5,7,2,11,5,5,367,6,'MR','','\0',NULL),(233,11,2,'2018-01-27',60,60,'\0','\0','\0','','\0','\0','\0','\0','\0',7,6,5,2,0,4,7,7,3,9,9,361,11,'MR','','\0',NULL),(234,11,2,'2018-01-27',64,4,'\0','\0','\0','','\0','\0','\0','\0','\0',13,5,2,0,0,3,10,2,14,1,1,412,16,'MR','','\0',NULL),(235,11,2,'2018-01-27',67,36,'\0','\0','\0','','\0','\0','\0','\0','\0',15,5,0,0,0,8,10,8,4,0,0,464,23,'MR','','\0',NULL),(236,11,2,'2018-01-27',71,1,'\0','\0','\0','','\0','\0','\0','\0','\0',12,6,2,0,0,3,8,3,9,7,7,375,15,'MR','','\0',NULL),(237,11,2,'2018-01-27',87,38,'\0','\0','\0','\0','','\0','\0','\0','\0',7,3,0,0,0,4,7,4,0,0,0,242,11,'MR','','\0',NULL),(238,11,2,'2018-01-27',88,41,'\0','\0','\0','\0','','\0','\0','\0','\0',10,0,0,0,0,6,6,3,0,0,0,244,16,'MR','','\0',NULL),(239,11,2,'2018-01-27',88,49,'\0','\0','\0','','\0','\0','\0','\0','\0',17,3,0,0,0,7,15,4,1,3,3,457,24,'MR','','\0',NULL),(240,11,2,'2018-01-27',88,50,'\0','\0','\0','\0','\0','','\0','\0','\0',19,1,0,0,0,15,11,4,0,0,0,492,34,'MR','','\0',NULL),(241,11,2,'2018-01-27',89,58,'\0','\0','\0','','\0','\0','\0','\0','\0',12,4,2,2,0,4,13,7,5,1,1,437,16,'MR','','\0',NULL),(242,11,2,'2018-01-27',90,58,'\0','\0','\0','','\0','\0','\0','\0','\0',5,4,2,9,0,0,5,3,17,5,5,310,5,'MR','','\0',NULL),(243,11,2,'2018-01-27',91,4,'\0','\0','\0','','\0','\0','\0','\0','\0',4,8,2,3,3,1,1,6,9,13,16,264,5,'MR','','\0',NULL),(244,11,2,'2018-01-27',92,46,'\0','\0','\0','\0','\0','','\0','\0','\0',7,3,0,0,10,4,10,3,10,3,13,314,11,'MR','','\0',NULL),(245,11,2,'2018-01-27',93,13,'\0','\0','\0','','\0','\0','\0','\0','\0',11,8,0,1,0,6,14,2,8,0,0,451,17,'MR','','\0',NULL),(246,11,2,'2018-01-27',93,51,'\0','\0','\0','\0','\0','','\0','\0','\0',20,0,0,0,0,7,7,9,7,0,0,447,27,'MR','','\0',NULL),(247,11,2,'2018-01-27',94,20,'\0','\0','\0','','\0','\0','\0','\0','\0',10,3,5,2,0,4,4,3,13,6,6,349,14,'MR','','\0',NULL),(248,11,2,'2018-01-27',95,3,'\0','\0','\0','','\0','\0','\0','\0','\0',12,6,2,0,0,8,12,7,3,0,0,467,20,'MR','','\0',NULL),(249,11,2,'2018-01-27',96,16,'\0','\0','\0','','\0','\0','\0','\0','\0',4,5,3,7,1,0,0,3,8,19,20,213,4,'MR','','\0',NULL),(250,11,2,'2018-01-27',97,34,'\0','\0','\0','','\0','\0','\0','\0','\0',16,4,0,0,0,7,11,5,7,0,0,455,23,'MR','','\0',NULL),(251,11,2,'2018-01-27',98,46,'\0','\0','\0','\0','\0','','\0','\0','\0',19,1,0,0,0,14,12,3,1,0,0,489,33,'MR','','\0',NULL),(252,11,2,'2018-01-27',99,48,'\0','\0','\0','\0','','\0','\0','\0','\0',7,3,0,0,0,3,7,3,1,1,1,229,10,'MR','','\0',NULL),(253,11,2,'2018-01-27',100,47,'\0','\0','\0','\0','','\0','\0','\0','\0',10,0,0,0,0,3,11,1,0,0,0,248,13,'MR','','\0',NULL),(254,12,1,'2018-02-03',22,1,'','\0','\0','\0','\0','\0','\0','\0','\0',19,1,0,0,0,13,16,1,0,0,0,498,32,'MR','','\0',NULL),(258,8,2,'2018-01-27',2,58,'\0','\0','\0','','\0','\0','\0','\0','\0',20,0,0,0,0,30,0,0,0,0,0,500,50,'','','\0',NULL),(261,8,2,'2018-01-27',5,33,'\0','\0','\0','','\0','\0','\0','\0','\0',20,0,0,0,0,30,0,0,0,0,0,500,50,'','','\0',NULL),(262,8,2,'2018-01-27',86,33,'\0','\0','\0','','\0','\0','\0','\0','\0',20,0,0,0,0,30,0,0,0,0,0,500,50,'','','\0',NULL),(263,9,2,'2018-02-27',2,58,'\0','\0','\0','','\0','\0','\0','\0','\0',20,0,0,0,0,29,0,1,0,0,0,498,49,'','','\0',NULL),(265,9,2,'2018-02-27',86,33,'\0','\0','\0','','\0','\0','\0','\0','\0',20,0,0,0,0,28,0,1,1,0,0,493,48,'','','\0',NULL),(266,9,2,'2018-02-27',5,33,'\0','\0','\0','','\0','\0','\0','\0','\0',20,0,0,0,0,30,0,0,0,0,0,500,50,'','','\0',NULL),(269,8,2,'2018-01-27',2,36,'\0','','\0','\0','\0','\0','\0','\0','\0',20,0,0,0,0,30,0,0,0,0,0,500,50,'','','\0','2018-02-04 19:43:12'),(270,8,2,'2018-01-27',5,36,'\0','','\0','\0','\0','\0','\0','\0','\0',20,0,0,0,0,30,0,0,0,0,0,500,50,'','','\0','2018-02-04 19:43:21'),(271,8,2,'2018-01-27',86,36,'\0','','\0','\0','\0','\0','\0','\0','\0',20,0,0,0,0,30,0,0,0,0,0,500,50,'','','\0','2018-02-04 19:43:27'),(274,12,1,'2018-02-03',27,4,'\0','','\0','\0','\0','\0','\0','\0','\0',16,3,1,0,0,8,10,5,7,0,0,453,24,'MR','','\0','2018-02-06 18:57:58'),(275,12,1,'2018-02-03',27,28,'\0','\0','','\0','\0','\0','\0','\0','\0',7,3,0,0,0,6,6,1,2,0,0,238,13,'MR','','\0','2018-02-06 18:58:21'),(276,12,1,'2018-02-03',20,29,'\0','\0','','\0','\0','\0','\0','\0','\0',10,0,0,0,0,11,2,1,1,0,0,243,21,'MR','','\0','2018-02-06 18:58:45'),(277,12,1,'2018-02-03',76,29,'\0','\0','','\0','\0','\0','\0','\0','\0',5,3,0,1,1,8,2,3,2,0,1,219,13,'MR','','\0','2018-02-06 18:59:22'),(278,12,1,'2018-02-03',20,5,'','\0','\0','\0','\0','\0','\0','\0','\0',18,2,0,0,0,13,13,3,1,0,0,489,31,'MR','','\0','2018-02-06 18:59:52'),(279,12,1,'2018-02-03',76,1,'','\0','\0','\0','\0','\0','\0','\0','\0',15,3,1,1,0,4,11,7,5,3,3,424,19,'MR','','\0','2018-02-06 19:00:14'),(280,12,1,'2018-02-03',20,20,'\0','','\0','\0','\0','\0','\0','\0','\0',18,2,0,0,0,19,10,1,0,0,0,498,37,'MR','','\0','2018-02-06 19:00:48'),(281,12,1,'2018-02-03',39,29,'\0','\0','','\0','\0','\0','\0','\0','\0',6,4,0,0,0,2,11,0,2,0,0,240,8,'MR','','\0','2018-02-06 19:01:14'),(282,12,1,'2018-02-03',79,29,'\0','\0','','\0','\0','\0','\0','\0','\0',10,0,0,0,0,4,3,2,6,0,0,216,14,'MR','','\0','2018-02-06 19:01:35'),(283,12,1,'2018-02-03',39,1,'','\0','\0','\0','\0','\0','\0','\0','\0',11,9,0,0,0,6,3,8,12,1,1,414,17,'MR','','\0','2018-02-06 19:02:01'),(284,12,1,'2018-02-03',59,29,'\0','\0','','\0','\0','\0','\0','\0','\0',3,3,3,1,0,2,7,1,2,3,3,197,5,'MR','','\0','2018-02-06 19:02:37'),(285,12,1,'2018-02-03',15,4,'','\0','\0','\0','\0','\0','\0','\0','\0',15,5,0,0,0,6,11,6,7,0,0,453,21,'MR','','\0','2018-02-06 19:03:04'),(286,12,1,'2018-02-03',39,13,'','\0','\0','\0','\0','\0','\0','\0','\0',7,11,1,1,0,7,8,10,5,0,0,448,14,'MR','','\0','2018-02-06 19:03:31'),(287,12,1,'2018-02-03',101,13,'','\0','\0','\0','\0','\0','\0','\0','\0',7,6,4,3,0,5,10,5,7,3,3,402,12,'MR','','\0','2018-02-06 19:03:55'),(288,12,1,'2018-02-03',59,20,'','\0','\0','\0','\0','\0','','\0','\0',7,10,3,0,0,3,5,6,13,3,3,387,10,'MR','','\0','2018-02-06 19:04:28'),(289,12,1,'2018-02-03',102,29,'\0','\0','','\0','\0','\0','\0','\0','\0',7,1,2,0,0,0,4,3,8,0,0,200,7,'MR','','\0','2018-02-06 19:04:54'),(290,12,1,'2018-02-03',15,10,'','\0','\0','\0','\0','\0','\0','\0','\0',16,4,0,0,0,6,9,9,6,0,0,452,22,'MR','','\0','2018-02-06 19:05:19'),(291,12,1,'2018-02-03',30,20,'','\0','\0','\0','\0','\0','\0','\0','\0',16,4,0,0,0,11,11,5,3,0,0,475,27,'MR','','\0','2018-02-06 19:05:45'),(292,12,1,'2018-02-03',102,4,'','\0','\0','\0','\0','\0','\0','','\0',1,8,7,1,3,3,4,3,11,9,12,300,4,'MR','','\0','2018-02-06 19:07:04'),(293,12,1,'2018-02-03',103,29,'\0','\0','','\0','\0','\0','\0','\0','\0',7,3,0,0,0,10,4,1,0,0,0,248,17,'MR','','\0','2018-02-06 19:07:32'),(294,12,1,'2018-02-03',66,20,'\0','','\0','\0','\0','\0','\0','\0','\0',18,2,0,0,0,14,4,6,6,0,0,458,32,'MR','','\0','2018-02-06 19:08:01'),(295,12,1,'2018-02-03',17,20,'','\0','\0','\0','\0','\0','\0','','\0',14,5,1,0,0,9,8,7,6,0,0,454,23,'MR','','\0','2018-02-06 19:08:31'),(296,12,1,'2018-02-03',34,29,'\0','\0','','\0','\0','\0','\0','\0','\0',5,3,2,0,0,3,3,3,6,0,0,210,8,'MR','','\0','2018-02-06 19:09:03'),(297,12,1,'2018-02-03',103,13,'','\0','\0','\0','\0','\0','\0','\0','\0',12,8,0,0,0,0,11,5,13,1,1,415,12,'MR','','\0','2018-02-06 19:09:31'),(298,12,1,'2018-02-03',32,20,'\0','','\0','\0','\0','\0','\0','\0','\0',16,4,0,0,0,7,9,9,5,0,0,457,23,'MR','','\0','2018-02-06 19:09:59'),(299,12,1,'2018-02-03',104,1,'','\0','\0','\0','\0','\0','\0','\0','\0',15,3,1,0,1,8,15,4,2,1,2,460,23,'MR','','\0','2018-02-06 19:11:19'),(300,12,1,'2018-02-03',36,3,'','\0','\0','\0','\0','\0','\0','\0','\0',15,3,2,0,0,7,12,9,2,0,0,468,22,'MR','','\0','2018-02-06 19:11:44'),(302,12,1,'2018-02-03',105,29,'\0','\0','','\0','\0','\0','\0','\0','\0',2,7,1,0,0,2,7,3,2,1,1,222,4,'MR','','\0','2018-02-06 19:16:32'),(303,12,1,'2018-02-03',14,2,'','\0','\0','\0','\0','\0','\0','\0','\0',13,5,2,0,0,7,10,5,4,4,4,426,20,'MR','','\0','2018-02-06 19:17:36'),(304,12,1,'2018-02-03',14,20,'\0','','\0','\0','\0','\0','\0','\0','\0',17,3,0,0,0,7,14,6,3,0,0,473,24,'MR','','\0','2018-02-06 19:17:59'),(305,12,1,'2018-02-03',32,1,'','\0','\0','\0','\0','\0','\0','','\0',10,9,0,1,0,11,6,2,10,1,1,431,21,'MR','','\0','2018-02-06 19:18:31'),(309,12,1,'2018-02-03',36,20,'\0','','\0','\0','\0','\0','\0','\0','\0',17,3,0,0,0,10,11,8,1,0,0,479,27,'MR','','\0','2018-02-06 19:20:11'),(310,12,1,'2018-02-03',29,29,'\0','\0','','\0','\0','\0','\0','\0','\0',7,3,0,0,0,4,6,3,2,0,0,234,11,'MR','','\0','2018-02-06 19:20:37'),(311,12,1,'2018-02-03',105,4,'','\0','\0','\0','\0','\0','\0','\0','\0',4,9,6,1,0,4,10,4,10,2,2,405,8,'MR','','\0','2018-02-06 19:21:02'),(312,12,1,'2018-02-03',34,4,'','\0','\0','\0','\0','\0','\0','','\0',7,9,3,1,0,7,9,8,6,0,0,443,14,'MR','','\0','2018-02-06 19:21:27'),(313,12,1,'2018-02-03',35,29,'\0','\0','','\0','\0','\0','\0','\0','\0',10,0,0,0,0,3,5,3,4,0,0,224,13,'MR','','\0','2018-02-06 19:21:52'),(314,12,1,'2018-02-03',29,1,'','\0','\0','\0','\0','\0','\0','\0','\0',14,5,1,0,0,13,13,2,2,0,0,484,27,'MR','','\0','2018-02-06 19:22:18'),(315,12,1,'2018-02-03',95,35,'','\0','\0','\0','\0','\0','\0','\0','\0',11,7,1,1,0,9,10,4,6,1,1,445,20,'MR','','\0','2018-02-06 19:22:49'),(317,12,1,'2018-02-03',70,20,'\0','','\0','\0','\0','\0','\0','\0','\0',16,4,0,0,0,7,15,6,2,0,0,478,23,'MR','','\0','2018-02-06 19:23:56'),(318,12,1,'2018-02-03',69,20,'','\0','\0','\0','\0','\0','\0','\0','\0',15,3,2,0,0,10,11,5,4,0,0,466,25,'MR','','\0','2018-02-06 19:24:20'),(319,12,1,'2018-02-03',37,29,'\0','\0','','\0','\0','\0','\0','\0','\0',10,0,0,0,0,11,2,2,0,0,0,246,21,'MR','','\0','2018-02-06 19:25:02'),(320,12,1,'2018-02-03',61,29,'\0','\0','','\0','\0','\0','\0','\0','\0',10,0,0,0,0,8,3,2,2,0,0,236,18,'MR','','\0','2018-02-06 19:25:32'),(321,12,1,'2018-02-03',37,20,'\0','','\0','\0','\0','\0','\0','\0','\0',20,0,0,0,0,20,9,1,0,0,0,498,40,'MR','','\0','2018-02-06 19:26:03'),(322,12,1,'2018-02-03',37,1,'','\0','\0','\0','\0','\0','\0','\0','\0',19,1,0,0,0,11,12,5,2,0,0,480,30,'MR','','\0','2018-02-06 19:26:22'),(323,12,1,'2018-02-03',35,2,'','\0','\0','\0','\0','\0','','\0','\0',19,1,0,0,0,7,7,6,10,0,0,438,26,'MR','','\0','2018-02-06 19:26:47'),(324,12,1,'2018-02-03',49,4,'','\0','\0','\0','\0','\0','\0','\0','\0',11,9,0,0,0,4,5,6,15,0,0,413,15,'MR','','\0','2018-02-06 19:27:09'),(325,12,1,'2018-02-03',64,4,'','\0','\0','\0','\0','\0','\0','\0','\0',11,4,4,1,0,4,7,7,11,1,1,408,15,'MR','','\0','2018-02-06 19:27:30'),(326,12,1,'2018-02-03',71,1,'','\0','\0','\0','\0','\0','\0','\0','\0',3,12,3,2,0,2,5,3,10,10,10,328,5,'MR','','\0','2018-02-06 19:28:28'),(327,12,1,'2018-02-03',60,1,'','\0','\0','\0','\0','\0','\0','','\0',9,8,2,0,1,4,8,9,6,3,4,408,13,'MR','','\0','2018-02-06 19:28:55'),(328,12,1,'2018-02-03',53,4,'','\0','\0','\0','\0','\0','\0','\0','\0',8,4,8,0,0,2,8,5,12,3,3,384,10,'MR','','\0','2018-02-06 19:29:28'),(329,12,1,'2018-02-03',62,4,'','\0','\0','\0','\0','\0','\0','\0','\0',15,4,1,0,0,14,9,4,3,0,0,475,29,'MR','','\0','2018-02-06 19:29:53'),(330,12,1,'2018-02-03',49,13,'','\0','\0','\0','\0','\0','\0','\0','\0',16,4,0,0,0,7,9,5,9,0,0,445,23,'MR','','\0','2018-02-06 19:30:16'),(331,12,1,'2018-02-03',73,2,'\0','','\0','\0','\0','\0','\0','\0','\0',19,1,0,0,0,8,6,7,4,5,5,416,27,'MR','','\0','2018-02-06 19:31:07'),(332,12,1,'2018-02-03',106,1,'','\0','\0','\0','\0','\0','\0','\0','\0',4,10,3,3,0,3,2,3,17,5,5,338,7,'MR','','\0','2018-02-06 19:31:33'),(333,12,1,'2018-02-03',43,1,'','\0','\0','\0','\0','\0','\0','\0','\0',5,5,6,3,1,1,4,5,15,5,6,328,6,'MR','','\0','2018-02-06 19:32:00'),(334,12,1,'2018-02-03',43,29,'\0','\0','','\0','\0','\0','\0','\0','\0',2,3,2,3,0,0,5,3,6,1,1,185,2,'MR','','\0','2018-02-06 19:32:23'),(335,12,1,'2018-02-03',80,1,'','\0','\0','\0','\0','\0','\0','\0','\0',8,10,1,1,0,5,10,8,5,2,2,432,13,'MR','','\0','2018-02-06 19:38:09'),(336,12,1,'2018-02-03',57,3,'','\0','\0','\0','\0','\0','\0','\0','\0',14,6,0,0,0,6,10,6,7,1,1,443,20,'MR','','\0','2018-02-06 19:38:34'),(337,12,1,'2018-02-03',45,1,'','\0','\0','\0','\0','\0','\0','','\0',14,5,1,0,0,10,13,7,0,0,0,484,24,'MR','','\0','2018-02-06 19:39:08'),(338,12,1,'2018-02-03',55,7,'','\0','\0','\0','\0','\0','\0','','\0',6,9,5,0,0,3,10,6,10,1,1,418,9,'MR','','\0','2018-02-06 19:39:34'),(339,12,1,'2018-02-03',46,4,'','\0','\0','\0','\0','\0','\0','\0','\0',13,5,1,1,0,3,5,7,11,4,4,384,16,'MR','','\0','2018-02-06 19:40:03'),(340,12,1,'2018-02-03',41,4,'','\0','\0','\0','\0','\0','\0','\0','\0',15,4,1,0,0,2,9,12,6,1,1,434,17,'MR','','\0','2018-02-06 19:40:23'),(341,12,1,'2018-02-03',61,27,'','\0','\0','\0','\0','\0','\0','\0','\0',18,2,0,0,0,17,6,5,2,0,0,480,35,'MR','','\0','2018-02-06 19:40:49'),(342,12,1,'2018-02-03',16,4,'','\0','\0','\0','\0','\0','\0','\0','\0',12,2,5,1,0,5,7,7,9,2,2,406,17,'MR','','\0','2018-02-06 19:41:16'),(343,12,1,'2018-02-03',55,1,'','\0','\0','\0','\0','\0','\0','','\0',15,4,1,0,0,6,6,11,6,1,1,436,21,'MR','','\0','2018-02-06 19:41:39'),(344,12,1,'2018-02-03',46,1,'','\0','\0','\0','\0','\0','\0','\0','\0',10,6,3,1,0,1,12,6,7,4,4,402,11,'MR','','\0','2018-02-06 19:42:01'),(345,12,1,'2018-02-03',106,4,'','\0','\0','\0','\0','\0','\0','\0','\0',6,10,3,1,0,1,5,8,10,6,6,363,7,'MR','','\0','2018-02-06 19:42:24'),(346,12,1,'2018-02-03',54,4,'','\0','\0','\0','\0','\0','\0','','\0',13,3,3,1,0,5,8,3,11,3,3,398,18,'MR','','\0','2018-02-06 19:43:22'),(347,12,1,'2018-02-03',45,29,'\0','\0','','\0','\0','\0','\0','\0','\0',10,0,0,0,0,10,3,2,0,0,0,246,20,'MR','','\0','2018-02-06 19:43:46'),(348,12,1,'2018-02-03',53,29,'\0','\0','','\0','\0','\0','\0','\0','\0',5,4,1,0,0,0,11,2,2,0,0,234,5,'MR','','\0','2018-02-06 19:44:06'),(349,12,1,'2018-02-03',49,1,'','\0','\0','\0','\0','\0','\0','\0','\0',19,1,0,0,0,11,11,5,3,0,0,475,30,'MR','','\0','2018-02-06 19:44:33'),(350,12,1,'2018-02-03',60,26,'\0','','\0','\0','\0','\0','\0','\0','\0',11,3,4,0,2,7,11,6,4,2,4,420,18,'MR','','\0','2018-02-06 19:45:06'),(351,4,1,'2018-01-06',74,1,'','\0','\0','\0','\0','\0','','\0','',7,6,2,5,0,3,4,8,15,0,0,380,10,'MR','','\0','2018-02-09 09:44:49'),(352,12,1,'2018-02-03',74,1,'','\0','\0','\0','\0','\0','','\0','',5,8,4,3,0,0,7,6,14,3,3,365,5,'MR','','\0','2018-02-09 09:46:27'),(353,3,1,'2017-12-02',36,3,'','\0','\0','\0','\0','\0','\0','\0','\0',17,3,0,0,0,11,9,8,2,0,0,474,28,'MR','','\0','2018-02-09 10:59:19'),(354,13,2,'2018-02-24',50,40,'\0','\0','\0','\0','','\0','\0','\0','\0',10,0,0,0,0,9,4,1,1,0,0,243,19,'MR','','\0','2018-02-24 09:48:19'),(357,13,2,'2018-02-24',14,43,'\0','\0','\0','','\0','\0','\0','\0','\0',16,3,1,0,0,11,8,7,4,0,0,464,27,'MR','','\0','2018-02-24 09:49:44'),(358,13,2,'2018-02-24',14,36,'\0','\0','\0','','\0','\0','\0','\0','\0',18,2,0,0,0,11,8,4,7,0,0,457,29,'MR','','\0','2018-02-24 09:50:54'),(360,13,2,'2018-02-24',60,1,'\0','\0','\0','','\0','\0','\0','\0','\0',6,7,7,0,0,3,6,4,13,4,4,373,9,'MR','','\0','2018-02-24 09:52:53'),(361,13,2,'2018-02-24',50,57,'\0','\0','\0','','\0','\0','\0','\0','\0',19,1,0,0,0,19,11,0,0,0,0,500,38,'MR','','\0','2018-02-24 09:53:26'),(362,13,2,'2018-02-24',100,47,'\0','\0','\0','\0','','\0','\0','\0','\0',9,1,0,0,0,6,6,3,0,0,0,244,15,'MR','','\0','2018-02-24 09:53:52'),(363,13,2,'2018-02-24',60,60,'\0','\0','\0','','\0','\0','\0','\0','\0',12,5,1,2,0,9,6,3,10,2,2,412,21,'MR','','\0','2018-02-24 09:54:21'),(364,13,2,'2018-02-24',54,4,'\0','\0','\0','','\0','\0','\0','\0','\0',6,10,2,2,0,4,7,5,10,4,4,386,10,'MR','','\0','2018-02-24 09:54:45'),(365,13,2,'2018-02-24',99,48,'\0','\0','\0','\0','','\0','\0','\0','\0',9,1,0,0,0,2,7,3,3,0,0,229,11,'MR','','\0','2018-02-24 09:56:12'),(366,13,2,'2018-02-24',95,35,'\0','\0','\0','','\0','\0','\0','\0','\0',7,8,2,3,0,3,4,8,8,7,7,355,10,'MR','','\0','2018-02-24 09:56:37'),(367,13,2,'2018-02-24',95,3,'\0','\0','\0','','\0','\0','\0','\0','\0',14,5,1,0,0,6,8,7,8,1,1,434,20,'MR','','\0','2018-02-24 09:56:58'),(368,13,2,'2018-02-24',22,1,'\0','\0','\0','','\0','\0','\0','\0','\0',20,0,0,0,0,21,6,3,0,0,0,494,41,'MR','','\0','2018-02-24 09:57:21'),(369,13,2,'2018-02-24',22,57,'\0','\0','\0','','\0','\0','\0','\0','\0',17,3,0,0,0,11,11,6,2,0,0,478,28,'MR','','\0','2018-02-24 09:57:44'),(370,13,2,'2018-02-24',21,37,'\0','\0','\0','','\0','\0','\0','\0','\0',20,0,0,0,0,22,5,1,2,0,0,488,42,'MR','','\0','2018-02-24 13:13:26'),(372,13,2,'2018-02-24',20,46,'\0','\0','\0','\0','\0','','\0','\0','\0',20,0,0,0,0,23,6,1,0,0,0,498,43,'MR','','\0','2018-02-24 13:18:52'),(373,13,2,'2018-02-24',20,5,'\0','\0','\0','','\0','\0','\0','\0','\0',19,1,0,0,0,16,12,1,1,0,0,493,35,'MR','','\0','2018-02-24 13:19:14'),(374,13,2,'2018-02-24',20,39,'\0','\0','\0','','\0','\0','\0','\0','\0',19,1,0,0,0,18,9,2,1,0,0,491,37,'MR','','\0','2018-02-24 13:19:32'),(375,13,2,'2018-02-24',20,20,'\0','','\0','\0','\0','\0','\0','\0','\0',20,0,0,0,0,20,7,2,0,1,1,486,40,'MR','','\0','2018-02-24 13:20:06'),(376,13,2,'2018-02-24',20,33,'\0','','\0','\0','\0','\0','\0','\0','\0',20,0,0,0,0,23,6,0,1,0,0,495,43,'MR','','\0','2018-02-24 13:20:29'),(377,13,2,'2018-02-24',88,20,'\0','\0','\0','','\0','\0','\0','\0','\0',17,3,0,0,0,15,11,2,2,0,0,486,32,'MR','','\0','2018-02-24 13:20:57'),(378,13,2,'2018-02-24',24,61,'\0','\0','\0','','\0','\0','\0','\0','\0',15,4,1,0,0,12,7,6,5,0,0,461,27,'MR','','\0','2018-02-24 13:22:03'),(379,13,2,'2018-02-24',88,41,'\0','\0','\0','\0','','\0','\0','\0','\0',10,0,0,0,0,10,4,1,0,0,0,248,20,'MR','','\0','2018-02-24 13:22:26'),(380,13,2,'2018-02-24',24,62,'\0','\0','\0','\0','\0','','\0','\0','\0',15,5,0,0,0,11,9,8,2,0,0,474,26,'MR','','\0','2018-02-24 13:25:14'),(381,13,2,'2018-02-24',88,50,'\0','\0','\0','\0','\0','','\0','\0','\0',18,2,0,0,0,13,14,2,1,0,0,491,31,'MR','','\0','2018-02-24 13:25:41'),(382,13,2,'2018-02-24',67,41,'\0','\0','\0','\0','','\0','\0','\0','\0',9,1,0,0,0,8,5,2,0,0,0,246,17,'MR','','\0','2018-02-24 13:26:07'),(383,13,2,'2018-02-24',107,4,'\0','\0','\0','','\0','\0','\0','\0','\0',12,8,0,0,0,3,7,10,6,4,4,410,15,'MR','','\0','2018-02-24 13:26:33'),(384,13,2,'2018-02-24',74,4,'\0','\0','\0','','\0','\0','\0','\0','\0',7,11,2,0,0,4,7,7,11,1,1,417,11,'MR','','\0','2018-02-24 13:26:51'),(385,13,2,'2018-02-24',73,2,'\0','\0','\0','','\0','\0','\0','\0','\0',20,0,0,0,0,13,10,7,0,0,0,486,33,'MR','','\0','2018-02-24 13:27:11'),(386,13,2,'2018-02-24',15,3,'\0','\0','\0','','\0','\0','\0','\0','\0',16,4,0,0,0,10,13,7,0,0,0,486,26,'MR','','\0','2018-02-24 13:27:32'),(387,13,2,'2018-02-24',92,46,'\0','\0','\0','\0','\0','','\0','\0','\0',7,7,3,1,2,4,8,9,6,3,5,391,11,'MR','','\0','2018-02-24 13:28:04'),(388,13,2,'2018-02-24',89,58,'\0','\0','\0','','\0','\0','\0','\0','\0',18,1,1,0,0,6,11,8,4,1,1,452,24,'MR','','\0','2018-02-24 13:28:36'),(389,13,2,'2018-02-24',108,57,'\0','\0','\0','','\0','\0','\0','\0','\0',8,6,3,3,0,7,12,2,8,1,1,425,15,'MR','','\0','2018-02-24 13:29:04'),(390,13,2,'2018-02-24',15,4,'\0','\0','\0','','\0','\0','\0','\0','\0',17,3,0,0,0,10,13,6,1,0,0,483,27,'MR','','\0','2018-02-24 13:29:27'),(391,13,2,'2018-02-24',91,4,'\0','\0','\0','','\0','\0','\0','\0','\0',1,11,3,5,0,1,3,3,7,16,16,268,2,'MR','','\0','2018-02-24 13:29:46'),(392,13,2,'2018-02-24',66,4,'\0','\0','\0','','\0','\0','\0','\0','\0',7,9,4,0,0,6,13,5,6,0,0,452,13,'MR','','\0','2018-02-24 13:30:06'),(396,13,2,'2018-02-24',66,47,'\0','\0','\0','\0','','\0','\0','\0','\0',7,2,1,0,0,1,3,8,3,0,0,217,8,'MR','','\0','2018-02-24 13:31:44'),(397,13,2,'2018-02-24',87,38,'\0','\0','\0','\0','','\0','\0','\0','\0',7,3,0,0,0,5,7,3,0,0,0,244,12,'MR','','\0','2018-02-24 13:32:47'),(398,13,2,'2018-02-24',37,54,'\0','\0','\0','','\0','\0','\0','\0','\0',16,4,0,0,0,13,11,5,1,0,0,485,29,'MR','','\0','2018-02-24 13:33:31'),(399,13,2,'2018-02-24',109,64,'\0','\0','\0','','\0','\0','\0','\0','\0',13,6,1,0,0,10,7,6,6,1,1,446,23,'MR','','\0','2018-02-24 13:34:27'),(400,13,2,'2018-02-24',69,20,'\0','','\0','\0','\0','\0','\0','\0','\0',18,2,0,0,0,13,6,6,4,1,1,458,31,'MR','','\0','2018-02-24 13:35:01'),(401,13,2,'2018-02-24',70,20,'\0','','\0','\0','\0','\0','\0','\0','\0',15,5,0,0,0,10,13,5,2,0,0,480,25,'MR','','\0','2018-02-24 13:35:20'),(402,13,2,'2018-02-24',109,20,'\0','\0','\0','','\0','\0','\0','\0','\0',14,6,0,0,0,8,12,5,5,0,0,465,22,'MR','','\0','2018-02-24 13:35:45'),(403,13,2,'2018-02-24',37,59,'\0','\0','\0','\0','','\0','\0','\0','\0',10,0,0,0,0,7,5,2,1,0,0,241,17,'MR','','\0','2018-02-24 13:36:18'),(404,13,2,'2018-02-24',37,20,'\0','','\0','\0','\0','\0','\0','\0','\0',20,0,0,0,0,19,10,1,0,0,0,498,39,'MR','','\0','2018-02-24 13:36:38'),(405,13,2,'2018-02-24',55,50,'\0','\0','\0','\0','\0','','\0','\0','\0',15,3,2,0,0,3,14,6,3,4,4,429,18,'MR','','\0','2018-02-24 13:37:21'),(406,13,2,'2018-02-24',64,4,'\0','\0','\0','','\0','\0','\0','\0','\0',15,4,1,0,0,3,10,10,7,0,0,443,18,'MR','','\0','2018-02-24 13:37:49'),(407,13,2,'2018-02-24',71,4,'\0','\0','\0','','\0','\0','\0','\0','\0',6,12,2,0,0,3,3,3,12,9,9,340,9,'MR','','\0','2018-02-24 13:38:11'),(408,13,2,'2018-02-24',55,1,'\0','\0','\0','','\0','\0','\0','\0','\0',14,5,1,0,0,6,12,7,4,1,1,454,20,'MR','','\0','2018-02-24 13:38:58'),(409,14,2,'2018-03-24',88,50,'\0','\0','\0','\0','\0','','\0','\0','\0',18,2,0,0,0,21,9,0,0,0,0,500,39,'MR','','\0','2018-03-25 11:31:28'),(412,14,2,'2018-03-24',20,20,'\0','','\0','\0','\0','\0','\0','\0','\0',20,0,0,0,0,17,9,3,1,0,0,489,37,'MR','','\0','2018-03-30 09:18:05'),(413,14,2,'2018-03-24',20,5,'\0','\0','\0','','\0','\0','\0','\0','\0',20,0,0,0,0,17,9,3,1,0,0,489,37,'MR','','\0','2018-03-30 09:18:24'),(414,14,2,'2018-03-24',20,46,'\0','\0','\0','\0','\0','','\0','\0','\0',20,0,0,0,0,20,7,3,0,0,0,494,40,'MR','','\0','2018-03-30 09:18:45'),(415,14,2,'2018-03-24',87,63,'\0','\0','\0','\0','','\0','\0','\0','\0',7,3,0,0,0,5,6,3,1,0,0,239,12,'MR','','\0','2018-03-30 09:19:11'),(416,14,2,'2018-03-24',27,35,'\0','\0','\0','','\0','\0','\0','\0','\0',13,5,1,1,0,3,4,9,12,2,2,395,16,'MR','','\0','2018-03-30 09:19:40'),(417,14,2,'2018-03-24',27,4,'\0','','\0','\0','\0','\0','\0','\0','\0',15,4,1,0,0,9,11,6,4,0,0,466,24,'MR','','\0','2018-03-30 09:20:07'),(418,14,2,'2018-03-24',15,4,'\0','\0','\0','','\0','\0','\0','\0','\0',15,5,0,0,0,15,6,4,3,2,2,457,30,'MR','','\0','2018-03-30 09:20:43'),(419,14,2,'2018-03-24',15,3,'\0','\0','\0','','\0','\0','\0','\0','\0',15,4,1,0,0,6,8,11,5,0,0,451,21,'MR','','\0','2018-03-30 09:21:01'),(420,14,2,'2018-03-24',98,46,'\0','\0','\0','\0','\0','','\0','\0','\0',19,1,0,0,0,20,8,2,0,0,0,496,39,'MR','','\0','2018-03-30 09:21:24'),(421,14,2,'2018-03-24',98,54,'\0','\0','\0','','\0','\0','\0','\0','\0',9,5,3,3,0,1,5,6,17,1,1,372,10,'MR','','\0','2018-03-30 09:22:04'),(422,14,2,'2018-03-24',89,58,'\0','\0','\0','','\0','\0','\0','\0','\0',18,2,0,0,0,9,8,6,6,1,1,448,27,'MR','','\0','2018-03-30 09:22:40'),(423,14,2,'2018-03-24',64,4,'\0','\0','\0','','\0','\0','\0','\0','\0',16,3,1,0,0,5,6,5,12,2,2,408,21,'MR','','\0','2018-03-30 09:23:13'),(424,14,2,'2018-03-24',71,1,'\0','\0','\0','','\0','\0','\0','\0','\0',2,8,5,4,1,3,5,4,8,10,11,312,5,'MR','','\0','2018-03-30 09:23:37'),(425,14,2,'2018-03-24',21,37,'\0','\0','\0','','\0','\0','\0','\0','\0',17,3,0,0,0,10,16,1,3,0,0,483,27,'MR','','\0','2018-03-30 09:24:25'),(426,14,2,'2018-03-24',22,1,'\0','\0','\0','','\0','\0','\0','\0','\0',16,2,2,0,0,13,14,2,1,0,0,487,29,'MR','','\0','2018-03-30 09:25:26'),(427,14,2,'2018-03-24',54,4,'\0','\0','\0','','\0','\0','\0','\0','\0',9,4,0,7,0,5,3,6,11,5,5,348,14,'MR','','\0','2018-03-30 09:25:46'),(428,14,2,'2018-03-24',50,57,'\0','\0','\0','','\0','\0','\0','\0','\0',16,4,0,0,0,10,12,7,1,0,0,481,26,'MR','','\0','2018-03-30 09:26:13'),(429,14,2,'2018-03-24',100,47,'\0','\0','\0','\0','','\0','\0','\0','\0',8,2,0,0,0,6,4,4,1,0,0,237,14,'MR','','\0','2018-03-30 09:26:36'),(430,14,2,'2018-03-24',37,20,'\0','','\0','\0','\0','\0','\0','\0','\0',20,0,0,0,0,22,7,1,0,0,0,498,42,'MR','','\0','2018-03-30 09:27:01'),(431,14,2,'2018-03-24',37,59,'\0','\0','\0','\0','','\0','\0','\0','\0',9,1,0,0,0,8,1,2,4,0,0,226,17,'MR','','\0','2018-03-30 09:27:48'),(434,14,2,'2018-03-24',67,41,'\0','\0','\0','\0','','\0','\0','\0','\0',9,1,0,0,0,8,4,2,1,0,0,241,17,'MR','','\0','2018-03-30 09:28:52'),(435,14,2,'2018-03-24',14,36,'\0','\0','\0','','\0','\0','\0','\0','\0',16,4,0,0,0,9,12,5,4,0,0,470,25,'MR','','\0','2018-03-30 09:29:18'),(436,14,2,'2018-03-24',14,43,'\0','\0','\0','','\0','\0','\0','\0','\0',15,4,1,0,0,13,6,6,5,0,0,461,28,'MR','','\0','2018-03-30 09:29:40'),(437,14,2,'2018-03-24',88,20,'\0','\0','\0','','\0','\0','\0','\0','\0',19,1,0,0,0,20,7,2,1,0,0,491,39,'MR','','\0','2018-03-30 09:30:36'),(438,14,2,'2018-03-24',88,41,'\0','\0','\0','\0','','\0','\0','\0','\0',9,1,0,0,0,9,3,2,1,0,0,241,18,'MR','','\0','2018-03-30 09:30:55'),(439,14,2,'2018-03-24',95,3,'\0','\0','\0','','\0','\0','\0','\0','\0',13,5,1,1,0,5,7,9,9,0,0,430,18,'','','\0','2018-03-30 09:33:47'),(440,14,2,'2018-03-24',37,54,'\0','\0','\0','','\0','\0','\0','\0','\0',16,4,0,0,0,11,6,6,6,1,1,448,27,'','','\0','2018-03-30 09:35:22'),(441,14,2,'2018-03-24',99,48,'\0','\0','\0','\0','','\0','\0','\0','\0',6,3,1,0,0,3,4,4,3,1,1,215,9,'','','\0','2018-03-30 09:36:43'),(442,1,1,'2018-01-06',110,35,'','\0','\0','\0','\0','\0','\0','\0','\0',20,0,0,0,0,30,0,0,0,0,0,500,50,'RO','RR','\0','2018-04-19 12:50:05'),(443,1,1,'2018-01-06',110,29,'\0','\0','','\0','\0','\0','\0','\0','\0',10,0,0,0,0,15,0,0,0,0,0,250,25,'RO','RR','\0','2018-04-19 13:03:02'),(444,2,1,'2018-02-06',110,35,'','\0','\0','\0','\0','\0','\0','\0','\0',20,0,0,0,0,29,1,0,0,0,0,500,49,'RO','RR','\0','2018-04-19 13:06:08'),(445,15,1,'2018-06-02',71,4,'','\0','\0','\0','\0','\0','\0','\0','\0',3,13,4,0,0,2,7,4,12,5,5,374,5,'MR','','\0','2018-06-01 15:41:46'),(446,15,1,'2018-06-02',54,4,'','\0','\0','\0','\0','\0','\0','','\0',11,8,1,0,0,9,9,6,5,1,1,451,20,'MR','','\0','2018-06-01 15:42:10'),(447,15,1,'2018-06-02',114,4,'','\0','\0','\0','\0','\0','','','\0',5,6,5,1,3,5,2,5,14,4,7,335,10,'MR','','\0','2018-06-02 08:53:13'),(448,15,1,'2018-06-02',22,1,'','\0','\0','\0','\0','\0','\0','\0','\0',18,2,0,0,0,14,14,2,0,0,0,496,32,'JG','','\0','2018-06-02 08:54:27'),(449,15,1,'2018-06-02',22,20,'\0','','\0','\0','\0','\0','\0','\0','\0',16,4,0,0,0,19,8,2,1,0,0,491,35,'JG','','\0','2018-06-02 08:55:49'),(450,15,1,'2018-06-02',14,20,'\0','','\0','\0','\0','\0','\0','\0','\0',19,1,0,0,0,10,12,4,3,1,1,467,29,'JG','','\0','2018-06-02 08:56:28'),(451,15,1,'2018-06-02',112,4,'','\0','\0','\0','\0','\0','','\0','\0',10,8,2,0,0,1,6,5,13,5,5,371,11,'JG','','\0','2018-06-02 08:57:34'),(452,15,1,'2018-06-02',113,1,'','\0','\0','\0','\0','\0','','','\0',5,12,0,3,0,3,5,5,15,2,2,380,8,'JG','','\0','2018-06-02 08:58:24'),(453,15,1,'2018-06-02',37,20,'\0','','\0','\0','\0','\0','\0','\0','\0',20,0,0,0,0,20,8,2,0,0,0,496,40,'JG','','\0','2018-06-02 09:21:18'),(454,15,1,'2018-06-02',37,1,'','\0','\0','\0','\0','\0','\0','\0','\0',19,1,0,0,0,15,11,2,2,0,0,486,34,'JG','','\0','2018-06-02 09:22:02'),(455,15,1,'2018-06-02',37,29,'\0','\0','','\0','\0','\0','\0','\0','\0',10,0,0,0,0,9,5,1,0,0,0,248,19,'JG','','\0','2018-06-02 09:22:35'),(456,15,1,'2018-06-02',57,3,'','\0','\0','\0','\0','\0','\0','\0','\0',15,5,0,0,0,7,10,9,4,0,0,462,22,'MR','','\0','2018-06-02 09:41:57'),(457,15,1,'2018-06-02',115,3,'','\0','\0','\0','\0','\0','\0','','\0',12,7,1,0,0,5,12,8,5,0,0,457,17,'JG','','\0','2018-06-02 10:18:36'),(458,15,1,'2018-06-02',20,5,'','\0','\0','\0','\0','\0','\0','\0','\0',19,1,0,0,0,17,9,3,1,0,0,489,36,'JG','','\0','2018-06-02 12:33:16'),(459,15,1,'2018-06-02',20,4,'\0','','\0','\0','\0','\0','\0','\0','\0',18,2,0,0,0,23,5,2,0,0,0,496,41,'JG','','\0','2018-06-02 12:34:01'),(460,15,1,'2018-06-02',20,29,'\0','\0','','\0','\0','\0','\0','\0','\0',10,0,0,0,0,14,1,0,0,0,0,250,24,'JG','','\0','2018-06-02 12:35:48'),(461,15,1,'2018-06-02',116,1,'','\0','\0','\0','\0','\0','\0','\0','\0',7,9,2,2,0,4,6,3,14,3,3,380,11,'JG','','\0','2018-06-02 12:37:06'),(462,15,1,'2018-06-02',76,1,'','\0','\0','\0','\0','\0','\0','\0','\0',17,3,0,0,0,7,13,5,5,0,0,465,24,'JG','','\0','2018-06-02 12:39:11'),(463,15,1,'2018-06-02',76,29,'\0','\0','','\0','\0','\0','\0','\0','\0',10,0,0,0,0,4,5,4,2,0,0,232,14,'JG','','\0','2018-06-02 12:39:37'),(464,15,1,'2018-06-02',24,29,'\0','\0','','\0','\0','\0','\0','\0','\0',9,1,0,0,0,7,4,4,0,0,0,242,16,'JG','','\0','2018-06-02 12:40:23'),(465,15,1,'2018-06-02',24,1,'','\0','\0','\0','\0','\0','\0','\0','\0',11,7,1,1,0,3,12,7,6,2,2,429,14,'JG','','\0','2018-06-02 12:40:53'),(466,15,1,'2018-06-02',24,4,'','\0','\0','\0','\0','\0','\0','\0','\0',14,5,0,1,0,5,11,2,8,4,4,411,19,'JG','','\0','2018-06-02 12:42:22'),(467,15,1,'2018-06-02',30,4,'\0','','\0','\0','\0','\0','\0','\0','\0',19,1,0,0,0,13,11,2,4,0,0,476,32,'JG','','\0','2018-06-02 12:43:28'),(468,15,1,'2018-06-02',30,4,'','\0','\0','\0','\0','\0','\0','\0','\0',18,2,0,0,0,11,11,7,1,0,0,481,29,'JG','','\0','2018-06-02 12:43:49'),(469,15,1,'2018-06-02',16,4,'','\0','\0','\0','\0','\0','\0','\0','\0',8,3,6,3,0,3,7,4,4,12,12,325,11,'JG','','\0','2018-06-02 12:44:38'),(470,15,1,'2018-06-02',16,29,'\0','\0','','\0','\0','\0','\0','\0','\0',3,6,1,0,0,1,4,3,6,1,1,202,4,'JG','','\0','2018-06-02 12:45:09'),(477,15,1,'2018-06-02',27,4,'\0','','\0','\0','\0','\0','\0','\0','\0',19,1,0,0,0,10,12,6,2,0,0,478,29,'JG','','\0','2018-06-02 12:51:05'),(478,15,1,'2018-06-02',27,35,'','\0','\0','\0','\0','\0','\0','','\0',18,2,0,0,0,9,6,11,3,1,1,453,27,'JG','','\0','2018-06-02 12:51:59'),(479,15,1,'2018-06-02',27,29,'\0','\0','','\0','\0','\0','\0','\0','\0',10,0,0,0,0,6,5,3,1,0,0,239,16,'JG','','\0','2018-06-02 12:52:37'),(480,15,1,'2018-06-02',15,4,'','\0','\0','\0','\0','\0','\0','\0','\0',15,5,0,0,0,5,11,7,7,0,0,451,20,'JG','','\0','2018-06-02 12:53:34'),(481,15,1,'2018-06-02',15,3,'','\0','\0','\0','\0','\0','\0','\0','\0',13,7,0,0,0,4,7,7,12,0,0,426,17,'JG','','\0','2018-06-02 12:53:56'),(482,15,1,'2018-06-02',26,2,'','\0','\0','\0','\0','\0','\0','\0','\0',16,4,0,0,0,4,9,10,7,0,0,445,20,'JG','','\0','2018-06-02 12:54:22'),(483,15,1,'2018-06-02',26,4,'','\0','\0','\0','\0','\0','\0','\0','\0',18,2,0,0,0,5,13,3,7,2,2,439,23,'JG','','\0','2018-06-02 12:54:47'),(484,16,1,'2018-06-16',20,5,'','\0','\0','\0','\0','\0','\0','\0','\0',20,0,0,0,0,16,10,4,0,0,0,492,36,'MR','','\0','2018-06-16 12:55:57'),(485,16,1,'2018-06-16',20,35,'','\0','\0','\0','\0','\0','\0','\0','\0',20,0,0,0,0,17,7,4,2,0,0,482,37,'MR','','\0','2018-06-16 12:56:12'),(486,16,1,'2018-06-16',20,29,'\0','\0','','\0','\0','\0','\0','\0','\0',10,0,0,0,0,13,2,0,0,0,0,250,23,'MR','','\0','2018-06-16 12:56:37'),(487,16,1,'2018-06-16',20,20,'\0','','\0','\0','\0','\0','\0','\0','\0',20,0,0,0,0,16,11,2,1,0,0,491,36,'MR','','\0','2018-06-16 12:56:58'),(488,16,1,'2018-06-16',20,4,'\0','','\0','\0','\0','\0','\0','\0','\0',20,0,0,0,0,19,10,1,0,0,0,498,39,'MR','','\0','2018-06-16 12:57:15'),(489,16,1,'2018-06-16',116,1,'','\0','\0','\0','\0','\0','\0','\0','\0',12,7,1,0,0,4,1,2,12,11,11,324,16,'MR','','\0','2018-06-16 12:58:01'),(490,16,1,'2018-06-16',76,29,'\0','\0','','\0','\0','\0','\0','\0','\0',9,1,0,0,0,7,7,0,1,0,0,245,16,'MR','','\0','2018-06-16 12:58:40'),(491,16,1,'2018-06-16',76,1,'','\0','\0','\0','\0','\0','\0','\0','\0',17,3,0,0,0,13,12,3,2,0,0,484,30,'MR','','\0','2018-06-16 12:59:01'),(492,16,1,'2018-06-16',118,4,'','\0','\0','\0','\0','\0','\0','\0','\0',16,4,0,0,0,8,10,9,3,0,0,467,24,'MR','','\0','2018-06-16 12:59:20'),(493,16,1,'2018-06-16',30,4,'\0','','\0','\0','\0','\0','\0','\0','\0',16,4,0,0,0,7,10,8,5,0,0,459,23,'MR','','\0','2018-06-16 12:59:46'),(494,16,1,'2018-06-16',30,4,'','\0','\0','\0','\0','\0','\0','\0','\0',18,2,0,0,0,10,14,5,1,0,0,485,28,'MR','','\0','2018-06-16 13:00:01'),(495,16,1,'2018-06-16',26,2,'','\0','\0','\0','\0','\0','\0','\0','\0',12,7,1,0,0,2,10,12,6,0,0,444,14,'MR','','\0','2018-06-16 13:00:22'),(496,16,1,'2018-06-16',24,4,'','\0','\0','\0','\0','\0','\0','','\0',7,12,0,1,0,5,7,6,8,4,4,403,12,'MR','','\0','2018-06-16 13:00:45'),(497,16,1,'2018-06-16',24,29,'\0','\0','','\0','\0','\0','\0','\0','\0',9,1,0,0,0,3,7,3,2,0,0,234,12,'MR','','\0','2018-06-16 13:01:12'),(498,16,1,'2018-06-16',24,1,'','\0','\0','\0','\0','\0','\0','','\0',14,5,1,0,0,3,9,6,10,2,2,416,17,'MR','','\0','2018-06-16 13:01:36'),(499,16,1,'2018-06-16',88,20,'','\0','\0','\0','\0','\0','\0','','\0',16,3,1,0,0,11,11,6,2,0,0,476,27,'MR','','\0','2018-06-16 13:02:04'),(500,16,1,'2018-06-16',15,3,'','\0','\0','\0','\0','\0','\0','','\0',15,4,1,0,0,8,7,7,6,2,2,434,23,'MR','','\0','2018-06-16 13:02:38'),(501,16,1,'2018-06-16',26,4,'','\0','\0','\0','\0','\0','\0','\0','\0',13,6,0,1,0,7,11,7,5,0,0,456,20,'MR','','\0','2018-06-16 13:03:16'),(502,16,1,'2018-06-16',88,29,'\0','\0','','\0','\0','\0','\0','\0','\0',10,0,0,0,0,9,6,0,0,0,0,250,19,'MR','','\0','2018-06-16 13:03:37'),(503,16,1,'2018-06-16',15,4,'','\0','\0','\0','\0','\0','\0','','\0',14,4,2,0,0,3,10,5,12,0,0,426,17,'MR','','\0','2018-06-16 13:04:06'),(504,16,1,'2018-06-16',66,4,'','\0','\0','\0','\0','\0','\0','\0','\0',13,7,0,0,0,8,11,2,7,2,2,441,21,'MR','','\0','2018-06-16 13:04:26'),(505,16,1,'2018-06-16',66,28,'\0','\0','','\0','\0','\0','\0','\0','\0',10,0,0,0,0,12,2,1,0,0,0,248,22,'MR','','\0','2018-06-16 13:04:46'),(506,16,1,'2018-06-16',88,1,'\0','','\0','\0','\0','\0','\0','\0','\0',15,4,1,0,0,11,11,7,1,0,0,479,26,'MR','','\0','2018-06-16 13:05:14'),(507,16,1,'2018-06-16',14,20,'\0','','\0','\0','\0','\0','\0','\0','\0',19,1,0,0,0,11,15,3,1,0,0,489,30,'MR','','\0','2018-06-16 13:05:35'),(508,16,1,'2018-06-16',37,20,'\0','','\0','\0','\0','\0','\0','\0','\0',20,0,0,0,0,17,10,3,0,0,0,494,37,'MR','','\0','2018-06-16 13:05:50'),(509,16,1,'2018-06-16',119,1,'\0','','\0','\0','\0','\0','\0','\0','\0',16,0,0,0,4,5,13,11,1,0,4,433,21,'MR','','\0','2018-06-16 13:06:22'),(510,16,1,'2018-06-16',37,1,'','\0','\0','\0','\0','\0','\0','\0','\0',19,1,0,0,0,8,12,6,4,0,0,468,27,'MR','','\0','2018-06-16 13:06:42'),(511,16,1,'2018-06-16',48,1,'','\0','\0','\0','\0','\0','\0','','\0',9,5,2,4,0,1,6,5,12,6,6,346,10,'MR','','\0','2018-06-16 13:07:09'),(514,16,1,'2018-06-16',37,29,'\0','\0','','\0','\0','\0','\0','\0','\0',10,0,0,0,0,7,5,2,1,0,0,241,17,'MR','','\0','2018-06-16 13:08:55'),(516,16,1,'2018-06-16',70,20,'\0','','\0','\0','\0','\0','\0','\0','\0',10,10,0,0,0,5,10,7,6,2,2,436,15,'MR','','\0','2018-06-16 13:09:40'),(517,16,1,'2018-06-16',115,3,'','\0','\0','\0','\0','\0','\0','','\0',13,7,0,0,0,8,10,8,4,0,0,464,21,'MR','','\0','2018-06-16 13:10:08'),(518,16,1,'2018-06-16',95,3,'','\0','\0','\0','\0','\0','\0','\0','\0',16,3,1,0,0,8,7,7,6,2,2,434,24,'MR','','\0','2018-06-16 13:10:34'),(519,16,1,'2018-06-16',54,4,'','\0','\0','\0','\0','\0','\0','','\0',9,7,2,2,0,6,8,5,9,2,2,411,15,'MR','','\0','2018-06-16 13:10:55'),(520,16,1,'2018-06-16',29,1,'','\0','\0','\0','\0','\0','\0','\0','\0',19,1,0,0,0,13,12,3,2,0,0,484,32,'MR','','\0','2018-06-16 13:11:16'),(521,16,1,'2018-06-16',17,35,'','\0','\0','\0','\0','\0','\0','','\0',13,7,0,0,0,10,6,11,3,0,0,463,23,'MR','','\0','2018-06-16 13:11:37'),(522,16,1,'2018-06-16',71,1,'','\0','\0','\0','\0','\0','\0','\0','\0',4,7,7,2,0,5,7,8,10,0,0,410,9,'MR','','\0','2018-06-16 13:12:06'),(523,16,1,'2018-06-16',64,4,'','\0','\0','\0','\0','\0','\0','\0','\0',11,7,2,0,0,6,10,4,7,3,3,423,17,'MR','','\0','2018-06-16 13:12:55'),(524,16,1,'2018-06-16',29,26,'\0','','\0','\0','\0','\0','\0','\0','\0',18,2,0,0,0,13,9,4,4,0,0,472,31,'MR','','\0','2018-06-16 13:13:19'),(525,16,1,'2018-06-16',29,29,'\0','\0','','\0','\0','\0','\0','\0','\0',10,0,0,0,0,7,5,2,1,0,0,241,17,'MR','','\0','2018-06-16 13:13:38'),(526,16,1,'2018-06-16',35,29,'\0','\0','','\0','\0','\0','\0','\0','\0',10,0,0,0,0,3,8,4,0,0,0,242,13,'MR','','\0','2018-06-16 13:13:54'),(527,16,1,'2018-06-16',35,2,'','\0','\0','\0','\0','\0','','\0','\0',15,4,1,0,0,10,5,9,6,0,0,450,25,'MR','','\0','2018-06-16 13:14:18'),(528,16,1,'2018-06-16',121,17,'','\0','\0','\0','\0','\0','\0','\0','\0',14,4,1,1,0,2,10,5,8,5,5,393,16,'MR','','\0','2018-06-16 13:14:56'),(529,16,1,'2018-06-16',112,4,'','\0','\0','\0','\0','\0','','\0','\0',8,9,3,0,0,2,8,8,11,1,1,413,10,'MR','','\0','2018-06-16 13:15:17'),(530,16,1,'2018-06-16',113,1,'','\0','\0','\0','\0','\0','','','\0',5,5,3,4,3,4,5,4,11,6,9,321,9,'MR','','\0','2018-06-16 13:15:46'),(531,16,1,'2018-06-16',114,4,'','\0','\0','\0','\0','\0','','','\0',11,6,0,3,0,4,6,6,11,3,3,388,15,'MR','','\0','2018-06-16 13:16:48'),(532,16,1,'2018-06-16',22,1,'','\0','\0','\0','\0','\0','\0','\0','\0',16,4,0,0,0,14,13,3,0,0,0,494,30,'MR','','\0','2018-06-16 13:17:08'),(533,16,1,'2018-06-16',22,20,'\0','','\0','\0','\0','\0','\0','\0','\0',20,0,0,0,0,24,5,1,0,0,0,498,44,'MR','','\0','2018-06-16 13:17:29'),(534,16,1,'2018-06-16',122,20,'\0','','\0','\0','\0','\0','\0','\0','\0',6,12,1,1,0,1,5,4,14,6,6,355,7,'MR','','\0','2018-06-16 13:17:49'),(535,17,1,'2018-06-30',24,4,'','\0','\0','\0','\0','\0','\0','','\0',12,7,1,0,0,6,7,6,7,4,4,411,18,'MR','','\0','2018-06-30 09:42:03'),(536,17,1,'2018-06-30',95,3,'','\0','\0','\0','\0','\0','\0','\0','\0',11,6,3,0,0,7,12,5,6,0,0,454,18,'MR','','\0','2018-06-30 09:42:27'),(537,17,1,'2018-06-30',24,1,'','\0','\0','\0','\0','\0','\0','','\0',17,3,0,0,0,5,5,8,12,0,0,424,22,'MR','','\0','2018-06-30 09:42:51'),(538,17,1,'2018-06-30',24,29,'\0','\0','','\0','\0','\0','\0','\0','\0',5,5,0,0,0,7,6,1,1,0,0,243,12,'MR','','\0','2018-06-30 09:43:10'),(539,17,1,'2018-06-30',17,35,'','\0','\0','\0','\0','\0','\0','','\0',16,4,0,0,0,13,15,2,0,0,0,496,29,'MR','','\0','2018-06-30 09:43:38'),(540,17,1,'2018-06-30',14,20,'\0','','\0','\0','\0','\0','\0','\0','\0',18,2,0,0,0,16,13,0,1,0,0,495,34,'MR','','\0','2018-06-30 09:44:01'),(541,17,1,'2018-06-30',48,1,'','\0','\0','\0','\0','\0','\0','\0','\0',8,5,7,0,0,5,1,3,14,7,7,340,13,'MR','','\0','2018-06-30 09:44:23'),(542,17,1,'2018-06-30',122,20,'\0','','\0','\0','\0','\0','\0','\0','\0',7,5,4,4,0,2,8,6,13,1,1,385,9,'MR','','\0','2018-06-30 09:44:51'),(543,17,1,'2018-06-30',29,1,'','\0','\0','\0','\0','\0','\0','\0','\0',13,6,1,0,0,14,7,6,3,0,0,471,27,'MR','','\0','2018-06-30 09:45:14'),(544,17,1,'2018-06-30',114,4,'','\0','\0','\0','\0','\0','','','\0',4,11,3,2,0,2,12,7,9,0,0,425,6,'MR','','\0','2018-06-30 09:45:40'),(545,17,1,'2018-06-30',113,1,'','\0','\0','\0','\0','\0','','','\0',4,8,3,5,0,4,5,8,8,5,5,363,8,'MR','','\0','2018-06-30 09:45:59'),(547,17,1,'2018-06-30',112,4,'','\0','\0','\0','\0','\0','','\0','\0',10,6,4,0,0,1,7,5,13,4,4,377,11,'MR','','\0','2018-06-30 09:46:28'),(548,17,1,'2018-06-30',35,29,'\0','\0','','\0','\0','\0','\0','\0','\0',10,0,0,0,0,9,4,2,0,0,0,246,19,'MR','','\0','2018-06-30 09:48:47'),(549,17,1,'2018-06-30',29,26,'\0','','\0','\0','\0','\0','\0','\0','\0',14,6,0,0,0,15,8,5,2,0,0,480,29,'MR','','\0','2018-06-30 09:49:08'),(550,17,1,'2018-06-30',54,4,'','\0','\0','\0','\0','\0','\0','','\0',7,4,7,2,0,1,9,8,10,2,2,390,8,'MR','','\0','2018-06-30 09:49:33'),(551,17,1,'2018-06-30',35,2,'','\0','\0','\0','\0','\0','','\0','\0',14,6,0,0,0,7,15,6,2,0,0,478,21,'MR','','\0','2018-06-30 09:49:57'),(552,17,1,'2018-06-30',29,29,'\0','\0','','\0','\0','\0','\0','\0','\0',10,0,0,0,0,7,6,1,1,0,0,243,17,'MR','','\0','2018-06-30 09:50:21'),(553,17,1,'2018-06-30',121,17,'','\0','\0','\0','\0','\0','\0','\0','\0',3,8,5,4,0,0,6,3,20,1,1,354,3,'MR','','\0','2018-06-30 09:50:47'),(554,17,1,'2018-06-30',22,20,'\0','','\0','\0','\0','\0','\0','\0','\0',19,1,0,0,0,25,3,2,0,0,0,496,44,'MR','','\0','2018-06-30 09:51:09'),(555,17,1,'2018-06-30',22,1,'','\0','\0','\0','\0','\0','\0','\0','\0',17,3,0,0,0,18,8,4,0,0,0,492,35,'MR','','\0','2018-06-30 09:51:28'),(561,17,1,'2018-06-30',15,3,'','\0','\0','\0','\0','\0','\0','','\0',11,9,0,0,0,5,10,6,8,1,1,438,16,'MR','','\0','2018-06-30 10:39:19'),(562,17,1,'2018-06-30',37,20,'\0','','\0','\0','\0','\0','\0','\0','\0',20,0,0,0,0,22,6,2,0,0,0,496,42,'MR','','\0','2018-06-30 10:39:41'),(563,17,1,'2018-06-30',30,4,'','\0','\0','\0','\0','\0','\0','\0','\0',19,1,0,0,0,16,10,2,2,0,0,486,35,'MR','','\0','2018-06-30 10:40:03'),(564,17,1,'2018-06-30',37,1,'','\0','\0','\0','\0','\0','\0','\0','\0',19,1,0,0,0,15,10,4,1,0,0,487,34,'MR','','\0','2018-06-30 10:40:21'),(565,17,1,'2018-06-30',30,4,'\0','','\0','\0','\0','\0','\0','\0','\0',17,3,0,0,0,11,14,4,1,0,0,487,28,'MR','','\0','2018-06-30 10:40:45'),(566,17,1,'2018-06-30',88,20,'','\0','\0','\0','\0','\0','\0','','\0',19,1,0,0,0,14,11,4,1,0,0,487,33,'MR','','\0','2018-06-30 10:41:06'),(567,17,1,'2018-06-30',15,4,'','\0','\0','\0','\0','\0','\0','','\0',15,5,0,0,0,8,13,5,4,0,0,470,23,'MR','','\0','2018-06-30 10:41:35'),(568,17,1,'2018-06-30',37,29,'\0','\0','','\0','\0','\0','\0','\0','\0',10,0,0,0,0,9,5,1,0,0,0,248,19,'MR','','\0','2018-06-30 10:41:56'),(569,17,1,'2018-06-30',64,4,'','\0','\0','\0','\0','\0','\0','\0','\0',13,7,0,0,0,5,9,7,9,0,0,441,18,'MR','','\0','2018-06-30 10:42:19'),(570,17,1,'2018-06-30',71,1,'','\0','\0','\0','\0','\0','\0','\0','\0',6,7,4,2,1,0,4,4,11,11,12,299,6,'MR','','\0','2018-06-30 10:42:39'),(572,17,1,'2018-06-30',88,29,'\0','\0','','\0','\0','\0','\0','\0','\0',10,0,0,0,0,13,2,0,0,0,0,250,23,'MR','','\0','2018-06-30 10:58:32'),(573,17,1,'2018-06-30',118,4,'','\0','\0','\0','\0','\0','\0','\0','\0',19,1,0,0,0,13,11,2,3,1,1,471,32,'MR','','\0','2018-06-30 10:58:55'),(577,17,1,'2018-06-30',88,1,'\0','','\0','\0','\0','\0','\0','\0','\0',16,4,0,0,0,10,15,2,3,0,0,481,26,'MR','','\0','2018-06-30 11:06:55'),(578,17,1,'2018-06-30',119,1,'\0','','\0','\0','\0','\0','\0','\0','\0',10,9,0,1,0,6,6,5,10,3,3,405,16,'MR','','\0','2018-06-30 12:42:04'),(581,17,1,'2018-06-30',107,4,'','\0','\0','\0','\0','\0','\0','\0','\0',1,5,10,4,0,3,4,5,10,8,8,320,4,'MR','','\0','2018-06-30 12:43:09'),(582,17,1,'2018-06-30',27,29,'\0','\0','','\0','\0','\0','\0','\0','\0',5,5,0,0,0,4,8,0,2,1,1,230,9,'MR','','\0','2018-06-30 12:43:30'),(583,17,1,'2018-06-30',76,1,'','\0','\0','\0','\0','\0','\0','\0','\0',17,3,0,0,0,13,11,5,1,0,0,485,30,'MR','','\0','2018-06-30 12:43:53'),(584,17,1,'2018-06-30',116,1,'','\0','\0','\0','\0','\0','\0','\0','\0',7,9,2,2,0,2,10,8,8,2,2,410,9,'MR','','\0','2018-06-30 12:44:12'),(585,17,1,'2018-06-30',27,4,'\0','','\0','\0','\0','\0','\0','\0','\0',20,0,0,0,0,13,9,4,4,0,0,472,33,'MR','','\0','2018-06-30 12:44:37'),(586,17,1,'2018-06-30',27,35,'','\0','\0','\0','\0','\0','\0','','\0',15,3,2,0,0,4,9,9,8,0,0,438,19,'MR','','\0','2018-06-30 12:44:57'),(587,17,1,'2018-06-30',20,4,'\0','','\0','\0','\0','\0','\0','\0','\0',20,0,0,0,0,15,14,1,0,0,0,498,35,'MR','','\0','2018-06-30 12:45:20'),(588,17,1,'2018-06-30',20,5,'','\0','\0','\0','\0','\0','\0','\0','\0',20,0,0,0,0,22,5,3,0,0,0,494,42,'MR','','\0','2018-06-30 12:45:37'),(589,17,1,'2018-06-30',76,29,'\0','\0','','\0','\0','\0','\0','\0','\0',10,0,0,0,0,2,7,2,4,0,0,226,12,'MR','','\0','2018-06-30 12:46:00'),(590,17,1,'2018-06-30',68,1,'','\0','\0','\0','\0','\0','\0','\0','\0',18,2,0,0,0,5,8,10,7,0,0,445,23,'MR','','\0','2018-06-30 12:49:14'),(591,19,1,'2018-12-12',26,2,'','\0','\0','\0','\0','\0','\0','\0','\0',8,11,1,0,0,10,7,8,5,0,0,457,18,'MR','','\0','2018-12-13 16:41:44'),(592,19,1,'2018-12-12',26,4,'','\0','\0','\0','\0','\0','\0','\0','\0',18,2,0,0,0,15,8,3,4,0,0,474,33,'MR','','\0','2018-12-13 16:42:00'),(593,19,1,'2018-12-12',22,1,'','\0','\0','\0','\0','\0','\0','\0','\0',16,4,0,0,0,10,16,1,3,0,0,483,26,'MR','','\0','2018-12-13 16:42:20'),(594,19,1,'2018-12-12',22,20,'\0','','\0','\0','\0','\0','\0','\0','\0',18,2,0,0,0,19,9,2,0,0,0,496,37,'MR','','\0','2018-12-13 16:42:42'),(595,19,1,'2018-12-12',59,20,'','\0','\0','\0','\0','\0','','\0','\0',10,4,1,5,0,8,2,4,16,0,0,385,18,'MR','','\0','2018-12-13 16:44:23'),(596,19,1,'2018-12-12',123,3,'','\0','\0','\0','\0','\0','\0','','\0',6,7,6,1,0,3,6,8,11,2,2,392,9,'MR','','\0','2018-12-13 16:45:16'),(599,19,1,'2018-12-12',27,29,'\0','\0','','\0','\0','\0','\0','\0','\0',8,2,0,0,0,6,6,1,2,0,0,238,14,'MR','','\0','2018-12-13 16:46:33'),(600,19,1,'2018-12-12',27,4,'\0','','\0','\0','\0','\0','\0','\0','\0',18,2,0,0,0,7,11,5,7,0,0,455,25,'MR','','\0','2018-12-13 16:46:59'),(601,19,1,'2018-12-12',27,35,'','\0','\0','\0','\0','\0','\0','','\0',13,6,1,0,0,4,12,6,8,0,0,446,17,'MR','','\0','2018-12-13 16:47:21'),(603,19,1,'2018-12-12',95,3,'','\0','\0','\0','\0','\0','\0','\0','\0',9,8,3,0,0,6,11,7,6,0,0,450,15,'MR','','\0','2018-12-13 16:48:07'),(604,19,1,'2018-12-12',20,35,'\0','','\0','\0','\0','\0','\0','\0','\0',20,0,0,0,0,16,12,2,0,0,0,496,36,'MR','','\0','2018-12-13 16:51:56'),(605,19,1,'2018-12-12',20,5,'','\0','\0','\0','\0','\0','\0','\0','\0',17,3,0,0,0,16,9,3,2,0,0,484,33,'MR','','\0','2018-12-13 16:52:21'),(606,19,1,'2018-12-12',20,29,'\0','\0','','\0','\0','\0','\0','\0','\0',10,0,0,0,0,9,4,2,0,0,0,246,19,'MR','','\0','2018-12-13 16:52:39'),(607,19,1,'2018-12-12',48,1,'','\0','\0','\0','\0','\0','\0','','\0',4,11,3,2,0,3,6,7,12,2,2,390,7,'MR','','\0','2018-12-13 16:53:12'),(608,19,1,'2018-12-12',50,20,'','\0','\0','\0','\0','\0','\0','','\0',18,1,1,0,0,5,6,9,8,2,2,420,23,'MR','','\0','2018-12-13 16:54:07'),(609,19,1,'2018-12-12',50,29,'\0','\0','','\0','\0','\0','\0','\0','\0',7,3,0,0,0,5,7,3,0,0,0,244,12,'MR','','\0','2018-12-13 16:54:31'),(610,19,1,'2018-12-12',41,4,'','\0','\0','\0','\0','\0','\0','\0','\0',13,7,0,0,0,7,7,7,8,1,1,436,20,'MR','','\0','2018-12-13 16:55:11'),(611,19,1,'2018-12-12',119,20,'\0','','\0','\0','\0','\0','\0','\0','\0',12,8,0,0,0,9,8,8,5,0,0,459,21,'MR','','\0','2018-12-13 16:55:36'),(612,19,1,'2018-12-12',55,1,'','\0','\0','\0','\0','\0','\0','','\0',14,5,1,0,0,7,10,7,5,1,1,449,21,'MR','','\0','2018-12-13 16:56:11'),(613,19,1,'2018-12-12',45,20,'','\0','\0','\0','\0','\0','\0','','\0',8,6,6,0,0,4,6,10,9,1,1,413,12,'MR','','\0','2018-12-13 16:57:02'),(614,19,1,'2018-12-12',29,1,'','\0','\0','\0','\0','\0','\0','\0','\0',14,6,0,0,0,14,12,4,0,0,0,492,28,'MR','','\0','2018-12-13 16:57:23'),(615,19,1,'2018-12-12',44,4,'','\0','\0','\0','\0','\0','\0','\0','\0',17,3,0,0,0,10,10,7,3,0,0,471,27,'MR','','\0','2018-12-13 16:57:46'),(616,19,1,'2018-12-12',71,1,'','\0','\0','\0','\0','\0','\0','\0','\0',8,9,1,2,0,9,6,4,7,4,4,405,17,'MR','','\0','2018-12-13 16:58:08'),(617,19,1,'2018-12-12',43,20,'','\0','\0','\0','\0','\0','','\0','\0',6,7,6,1,0,2,4,4,16,4,4,355,8,'MR','','\0','2018-12-13 16:58:33'),(618,19,1,'2018-12-12',45,29,'\0','\0','','\0','\0','\0','\0','\0','\0',6,4,0,0,0,4,8,2,1,0,0,241,10,'MR','','\0','2018-12-13 17:00:55'),(619,19,1,'2018-12-12',43,29,'\0','\0','','\0','\0','\0','\0','\0','\0',1,7,1,1,0,1,6,2,4,2,2,199,2,'MR','','\0','2018-12-13 17:01:17'),(620,19,1,'2018-12-12',35,29,'\0','\0','','\0','\0','\0','\0','\0','\0',10,0,0,0,0,8,6,1,0,0,0,248,18,'MR','','\0','2018-12-13 17:01:38'),(621,19,1,'2018-12-12',14,4,'\0','','\0','\0','\0','\0','\0','\0','\0',8,10,2,0,0,8,10,8,3,1,1,455,16,'MR','','\0','2018-12-13 17:02:15'),(622,19,1,'2018-12-12',88,20,'','\0','\0','\0','\0','\0','\0','','\0',15,5,0,0,0,11,10,7,2,0,0,476,26,'MR','','\0','2018-12-13 17:02:45'),(623,19,1,'2018-12-12',54,4,'','\0','\0','\0','\0','\0','\0','','\0',12,7,0,1,0,8,8,9,5,0,0,452,20,'MR','','\0','2018-12-13 17:03:10'),(624,19,1,'2018-12-12',29,29,'\0','\0','','\0','\0','\0','\0','\0','\0',10,0,0,0,0,8,5,2,0,0,0,246,18,'MR','','\0','2018-12-13 17:03:46'),(625,19,1,'2018-12-12',88,29,'\0','\0','','\0','\0','\0','\0','\0','\0',9,1,0,0,0,6,7,2,0,0,0,246,15,'MR','','\0','2018-12-13 17:04:02'),(626,19,1,'2018-12-12',29,20,'\0','','\0','\0','\0','\0','\0','\0','\0',16,2,2,0,0,10,15,5,0,0,0,486,26,'MR','','\0','2018-12-13 17:04:27'),(627,19,1,'2018-12-12',16,4,'','\0','\0','\0','\0','\0','\0','\0','\0',4,13,2,1,0,2,3,7,10,8,8,347,6,'MR','','\0','2018-12-13 17:04:57'),(628,19,1,'2018-12-12',35,2,'','\0','\0','\0','\0','\0','','\0','\0',20,0,0,0,0,10,12,4,4,0,0,472,30,'MR','','\0','2018-12-13 17:05:23'),(629,19,1,'2018-12-12',124,4,'','\0','\0','\0','\0','\0','\0','\0','\0',7,6,5,2,0,5,11,7,3,4,4,411,12,'MR','','\0','2018-12-13 17:05:47'),(630,19,1,'2018-12-12',125,13,'','\0','\0','\0','\0','\0','\0','\0','\0',12,8,0,0,0,9,12,6,3,0,0,473,21,'MR','','\0','2018-12-13 17:06:13'),(631,20,1,'2019-01-09',126,29,'\0','\0','','\0','\0','\0','\0','\0','\0',8,2,0,0,0,1,7,3,4,0,0,224,9,'MR','','\0','2019-01-10 09:46:30'),(632,20,1,'2019-01-09',27,35,'','\0','\0','\0','\0','\0','\0','','\0',15,4,1,0,0,10,9,6,4,1,1,456,25,'MR','','\0','2019-01-10 09:48:06'),(633,20,1,'2019-01-09',37,29,'\0','\0','','\0','\0','\0','\0','\0','\0',9,1,0,0,0,6,4,4,1,0,0,237,15,'MR','','\0','2019-01-10 09:48:41'),(634,20,1,'2019-01-09',20,29,'\0','\0','','\0','\0','\0','\0','\0','\0',10,0,0,0,0,12,2,1,0,0,0,248,22,'MR','','\0','2019-01-10 09:49:04'),(635,20,1,'2019-01-09',37,20,'\0','','\0','\0','\0','\0','\0','\0','\0',18,2,0,0,0,17,7,5,1,0,0,485,35,'MR','','\0','2019-01-10 09:58:48'),(636,20,1,'2019-01-09',27,29,'\0','\0','','\0','\0','\0','\0','\0','\0',10,0,0,0,0,5,7,3,0,0,0,244,15,'MR','','\0','2019-01-10 09:59:23'),(637,20,1,'2019-01-09',27,4,'\0','','\0','\0','\0','\0','\0','\0','\0',17,2,1,0,0,11,9,5,5,0,0,463,28,'MR','','\0','2019-01-10 10:00:29'),(639,20,1,'2019-01-09',37,1,'','\0','\0','\0','\0','\0','\0','\0','\0',18,2,0,0,0,14,13,2,1,0,0,491,32,'MR','','\0','2019-01-10 10:01:38'),(640,20,1,'2019-01-09',16,4,'','\0','\0','\0','\0','\0','\0','\0','\0',7,7,0,6,0,0,1,4,12,13,13,272,7,'MR','','\0','2019-01-10 10:02:51'),(642,20,1,'2019-01-09',20,35,'\0','','\0','\0','\0','\0','\0','\0','\0',20,0,0,0,0,23,5,2,0,0,0,496,43,'MR','','\0','2019-01-10 10:05:56'),(643,20,1,'2019-01-09',43,29,'\0','\0','','\0','\0','\0','\0','\0','\0',4,1,0,5,0,0,6,1,5,3,3,168,4,'MR','','\0','2019-01-10 10:07:15'),(644,20,1,'2019-01-09',20,5,'','\0','\0','\0','\0','\0','\0','\0','\0',18,1,1,0,0,15,9,6,0,0,0,486,33,'MR','','\0','2019-01-10 10:07:52'),(645,20,1,'2019-01-09',124,4,'','\0','\0','\0','\0','\0','\0','\0','\0',12,5,3,0,0,6,6,6,11,1,1,417,18,'MR','','\0','2019-01-10 10:08:24'),(646,20,1,'2019-01-09',80,1,'','\0','\0','\0','\0','\0','\0','\0','\0',10,5,5,0,0,4,4,9,8,5,5,382,14,'MR','','\0','2019-01-10 10:08:49'),(647,20,1,'2019-01-09',30,35,'','\0','\0','\0','\0','\0','\0','\0','\0',16,3,0,1,0,8,11,3,8,0,0,449,24,'MR','','\0','2019-01-10 10:09:30'),(648,20,1,'2019-01-09',45,20,'','\0','\0','\0','\0','\0','\0','','\0',16,3,1,0,0,9,9,8,4,0,0,462,25,'MR','','\0','2019-01-10 10:10:27'),(649,20,1,'2019-01-09',59,20,'','\0','\0','\0','\0','\0','','\0','\0',4,3,4,8,1,4,2,3,12,9,10,286,8,'MR','','\0','2019-01-10 10:11:10'),(650,20,1,'2019-01-09',44,4,'','\0','\0','\0','\0','\0','\0','\0','\0',17,3,0,0,0,9,12,6,3,0,0,473,26,'MR','','\0','2019-01-10 10:12:27'),(651,20,1,'2019-01-09',22,1,'','\0','\0','\0','\0','\0','\0','\0','\0',18,2,0,0,0,12,11,5,2,0,0,480,30,'MR','','\0','2019-01-10 10:12:58'),(652,20,1,'2019-01-09',45,29,'\0','\0','','\0','\0','\0','\0','\0','\0',10,0,0,0,0,8,3,1,3,0,0,233,18,'MR','','\0','2019-01-10 10:13:29'),(653,20,1,'2019-01-09',43,20,'','\0','\0','\0','\0','\0','','\0','\0',6,13,0,1,0,2,11,5,9,3,3,410,8,'MR','','\0','2019-01-10 10:14:01'),(654,20,1,'2019-01-09',123,3,'','\0','\0','\0','\0','\0','\0','','\0',3,7,6,4,0,3,3,7,15,2,2,359,6,'MR','','\0','2019-01-10 10:14:40'),(655,20,1,'2019-01-09',35,29,'\0','\0','','\0','\0','\0','\0','\0','\0',9,1,0,0,0,8,4,3,0,0,0,244,17,'MR','','\0','2019-01-10 10:15:52'),(659,20,1,'2019-01-09',127,3,'','\0','\0','\0','\0','\0','\0','','\0',13,7,0,0,0,15,10,4,1,0,0,487,28,'MR','','\0','2019-01-10 10:18:51'),(660,20,1,'2019-01-09',127,29,'\0','\0','','\0','\0','\0','\0','\0','\0',10,0,0,0,0,5,10,0,0,0,0,250,15,'MR','','\0','2019-01-10 10:19:17'),(661,20,1,'2019-01-09',41,4,'','\0','\0','\0','\0','\0','\0','\0','\0',14,6,0,0,0,3,14,8,4,1,1,454,17,'MR','','\0','2019-01-10 10:19:43'),(662,20,1,'2019-01-09',29,1,'','\0','\0','\0','\0','\0','\0','\0','\0',20,0,0,0,0,13,13,1,3,0,0,483,33,'MR','','\0','2019-01-10 10:20:06'),(663,20,1,'2019-01-09',55,1,'','\0','\0','\0','\0','\0','\0','','\0',17,3,0,0,0,10,8,4,8,0,0,452,27,'MR','','\0','2019-01-10 10:20:33'),(664,20,1,'2019-01-09',35,2,'','\0','\0','\0','\0','\0','','\0','\0',16,3,1,0,0,8,14,5,3,0,0,473,24,'MR','','\0','2019-01-10 10:20:58'),(665,20,1,'2019-01-09',29,20,'\0','','\0','\0','\0','\0','\0','\0','\0',17,2,1,0,0,16,8,5,1,0,0,483,33,'MR','','\0','2019-01-10 10:21:23'),(666,20,1,'2019-01-09',24,4,'','\0','\0','\0','\0','\0','\0','','\0',7,11,1,1,0,8,9,7,5,1,1,444,15,'MR','','\0','2019-01-10 10:22:17'),(667,20,1,'2019-01-09',24,1,'','\0','\0','\0','\0','\0','\0','','\0',12,7,1,0,0,14,9,3,4,0,0,472,26,'MR','','\0','2019-01-10 10:22:56'),(668,20,1,'2019-01-09',24,29,'\0','\0','','\0','\0','\0','\0','\0','\0',8,1,1,0,0,5,3,3,4,0,0,222,13,'MR','','\0','2019-01-10 10:23:23'),(669,20,1,'2019-01-09',29,29,'\0','\0','','\0','\0','\0','\0','\0','\0',10,0,0,0,0,9,3,2,1,0,0,241,19,'MR','','\0','2019-01-10 10:23:44'),(670,20,1,'2019-01-09',71,1,'','\0','\0','\0','\0','\0','\0','\0','\0',6,11,2,1,0,1,5,4,14,6,6,353,7,'MR','','\0','2019-01-10 10:24:20'),(671,20,1,'2019-01-09',50,29,'\0','\0','','\0','\0','\0','\0','\0','\0',9,1,0,0,0,6,7,2,0,0,0,246,15,'MR','','\0','2019-01-10 10:24:52'),(672,20,1,'2019-01-09',22,20,'\0','','\0','\0','\0','\0','\0','\0','\0',19,1,0,0,0,16,9,5,0,0,0,490,35,'MR','','\0','2019-01-10 10:25:22'),(673,20,1,'2019-01-09',54,4,'','\0','\0','\0','\0','\0','\0','','\0',9,4,3,3,1,4,7,7,11,1,2,390,13,'MR','','\0','2019-01-10 10:25:56'),(674,21,1,'2019-01-30',20,29,'\0','\0','','\0','\0','\0','\0','\0','\0',10,0,0,0,0,14,1,0,0,0,0,250,24,'MR','','\0','2019-02-03 12:01:37'),(675,21,1,'2019-01-30',20,35,'\0','','\0','\0','\0','\0','\0','\0','\0',20,0,0,0,0,25,4,1,0,0,0,498,45,'MR','','\0','2019-02-03 12:01:58'),(676,21,1,'2019-01-30',20,66,'\0','','\0','\0','\0','\0','\0','\0','\0',20,0,0,0,0,17,8,5,0,0,0,490,37,'MR','','\0','2019-02-03 12:03:09'),(677,21,1,'2019-01-30',20,5,'','\0','\0','\0','\0','\0','\0','\0','\0',19,0,0,0,1,17,7,1,5,0,1,463,36,'MR','','\0','2019-02-03 12:03:36'),(678,21,1,'2019-01-30',29,20,'\0','','\0','\0','\0','\0','\0','\0','\0',19,1,0,0,0,12,11,6,1,0,0,483,31,'MR','','\0','2019-02-03 12:04:04'),(679,21,1,'2019-01-30',29,1,'','\0','\0','\0','\0','\0','\0','\0','\0',17,3,0,0,0,11,14,2,3,0,0,481,28,'MR','','\0','2019-02-03 12:04:24'),(680,21,1,'2019-01-30',29,29,'\0','\0','','\0','\0','\0','\0','\0','\0',10,0,0,0,0,10,4,1,0,0,0,248,20,'MR','','\0','2019-02-03 12:04:43'),(683,21,1,'2019-01-30',22,20,'\0','','\0','\0','\0','\0','\0','\0','\0',20,0,0,0,0,23,7,0,0,0,0,500,43,'MR','','\0','2019-02-03 12:06:03'),(684,21,1,'2019-01-30',22,1,'','\0','\0','\0','\0','\0','\0','\0','\0',17,3,0,0,0,17,9,4,0,0,0,492,34,'MR','','\0','2019-02-03 12:06:24'),(685,21,1,'2019-01-30',50,29,'\0','\0','','\0','\0','\0','\0','\0','\0',9,1,0,0,0,5,8,2,0,0,0,246,14,'MR','','\0','2019-02-03 12:06:43'),(686,21,1,'2019-01-30',27,4,'\0','','\0','\0','\0','\0','\0','\0','\0',20,0,0,0,0,10,10,4,1,5,5,437,30,'MR','','\0','2019-02-03 12:09:00'),(687,21,1,'2019-01-30',27,29,'\0','\0','','\0','\0','\0','\0','\0','\0',9,1,0,0,0,4,6,4,1,0,0,237,13,'MR','','\0','2019-02-03 12:09:38'),(688,21,1,'2019-01-30',30,35,'','\0','\0','\0','\0','\0','\0','\0','\0',19,1,0,0,0,10,10,5,5,0,0,465,29,'MR','','\0','2019-02-03 12:10:39'),(689,21,1,'2019-01-30',124,4,'','\0','\0','\0','\0','\0','\0','\0','\0',4,8,2,6,0,1,3,5,17,4,4,331,5,'MR','','\0','2019-02-03 12:11:31'),(690,21,1,'2019-01-30',80,1,'','\0','\0','\0','\0','\0','\0','\0','\0',4,8,4,4,0,7,9,4,7,3,3,399,11,'MR','','\0','2019-02-03 12:12:07'),(691,21,1,'2019-01-30',27,35,'','\0','\0','\0','\0','\0','\0','','\0',13,5,2,0,0,7,8,4,10,1,1,428,20,'MR','','\0','2019-02-03 12:12:33'),(692,21,1,'2019-01-30',44,4,'','\0','\0','\0','\0','\0','\0','\0','\0',9,8,3,0,0,0,7,8,10,5,5,378,9,'MR','','\0','2019-02-03 12:13:01'),(693,21,1,'2019-01-30',45,29,'\0','\0','','\0','\0','\0','\0','\0','\0',9,1,0,0,0,11,3,0,1,0,0,245,20,'MR','','\0','2019-02-03 12:13:30'),(694,21,1,'2019-01-30',41,4,'','\0','\0','\0','\0','\0','\0','\0','\0',12,5,3,0,0,2,11,6,10,1,1,422,14,'MR','','\0','2019-02-03 12:13:59'),(695,21,1,'2019-01-30',43,29,'\0','\0','','\0','\0','\0','\0','\0','\0',0,4,4,2,0,1,1,4,6,3,3,164,1,'MR','','\0','2019-02-03 12:14:29'),(696,21,1,'2019-01-30',45,20,'','\0','\0','\0','\0','\0','\0','','\0',13,7,0,0,0,8,10,7,3,2,2,451,21,'MR','','\0','2019-02-03 12:14:53'),(697,21,1,'2019-01-30',43,20,'','\0','\0','\0','\0','\0','','\0','\0',2,7,7,4,0,1,2,4,19,4,4,323,3,'MR','','\0','2019-02-03 12:15:15'),(698,21,1,'2019-01-30',55,1,'','\0','\0','\0','\0','\0','\0','','\0',14,6,0,0,0,5,11,4,8,2,2,432,19,'MR','','\0','2019-02-03 12:15:35'),(699,21,1,'2019-01-30',54,4,'','\0','\0','\0','\0','\0','\0','','\0',14,4,2,0,0,14,8,2,6,0,0,462,28,'MR','','\0','2019-02-03 12:15:55'),(700,21,1,'2019-01-30',71,1,'','\0','\0','\0','\0','\0','\0','\0','\0',5,7,7,1,0,5,8,2,13,2,2,392,10,'MR','','\0','2019-02-03 12:16:17'),(701,21,1,'2019-01-30',37,1,'','\0','\0','\0','\0','\0','\0','\0','\0',17,3,0,0,0,13,13,2,2,0,0,486,30,'MR','','\0','2019-02-03 12:16:36'),(702,21,1,'2019-01-30',37,29,'\0','\0','','\0','\0','\0','\0','\0','\0',9,1,0,0,0,6,7,1,1,0,0,243,15,'MR','','\0','2019-02-03 12:16:53'),(703,21,1,'2019-01-30',37,20,'\0','','\0','\0','\0','\0','\0','\0','\0',18,2,0,0,0,12,11,3,4,0,0,474,30,'MR','','\0','2019-02-03 12:17:16'),(704,21,1,'2019-01-30',126,29,'\0','\0','','\0','\0','\0','\0','\0','\0',1,8,0,1,0,5,3,6,1,0,0,228,6,'MR','','\0','2019-02-03 12:17:42'),(705,21,1,'2019-01-30',26,4,'','\0','\0','\0','\0','\0','\0','\0','\0',16,4,0,0,0,10,8,7,5,0,0,461,26,'MR','','\0','2019-02-03 12:18:08'),(706,1,1,'2018-01-06',2,69,'\0','\0','\0','\0','\0','','\0','\0','\0',20,0,0,0,0,30,0,0,0,0,0,500,50,'AA','BB','\0','2019-12-25 14:48:47'),(711,22,1,'2020-01-04',135,4,'','\0','\0','\0','\0','\0','\0','\0','\0',20,0,0,0,0,25,1,4,0,0,0,492,45,'VD','MM','\0','2019-12-26 23:19:18'),(712,22,1,'2020-01-04',130,5,'','\0','\0','\0','\0','\0','\0','\0','\0',20,0,0,0,0,20,2,5,3,0,0,475,40,'MM','VD','\0','2019-12-26 23:24:41'),(714,22,1,'2020-01-04',129,3,'\0','','\0','\0','\0','\0','\0','\0','\0',20,0,0,0,0,25,2,2,1,0,0,491,45,'VD','YS','\0','2019-12-27 00:09:23'),(719,22,1,'2020-01-04',129,1,'','\0','\0','\0','\0','\0','\0','\0','\0',20,0,0,0,0,30,0,0,0,0,0,500,50,'VD','YS','\0','2019-12-27 20:32:06'),(720,22,1,'2020-01-04',135,17,'','\0','\0','\0','\0','\0','\0','\0','\0',20,0,0,0,0,26,0,2,2,0,0,486,46,'VD','RR','','2019-12-27 21:07:15'),(721,22,1,'2020-01-04',135,29,'\0','\0','','\0','\0','\0','\0','\0','\0',10,0,0,0,0,15,0,0,0,0,0,250,25,'VD','RR','\0','2019-12-27 21:16:56'),(725,22,1,'2020-01-04',129,3,'\0','','\0','\0','\0','\0','\0','\0','\0',20,0,0,0,0,30,0,0,0,0,0,500,50,'VD','YS','','2019-12-27 23:32:36'),(726,22,1,'2020-01-04',130,1,'\0','','\0','\0','\0','\0','\0','\0','\0',20,0,0,0,0,26,2,2,0,0,0,496,46,'VD','MM','\0','2019-12-28 00:31:28'),(727,22,1,'2020-01-04',130,4,'\0','','\0','\0','\0','\0','\0','\0','\0',20,0,0,0,0,27,2,1,0,0,0,498,47,'VD','MM','','2019-12-28 00:32:09'),(728,22,1,'2020-01-04',129,16,'','\0','\0','\0','\0','\0','\0','\0','\0',20,0,0,0,0,28,0,0,2,0,0,490,48,'VD','YS','','2019-12-28 00:42:14'),(729,22,1,'2020-01-04',135,28,'\0','\0','','\0','\0','\0','\0','\0','\0',10,0,0,0,0,14,1,0,0,0,0,250,24,'VD','RR','','2019-12-28 01:03:20'),(730,22,1,'2020-01-04',128,69,'\0','\0','\0','\0','\0','','\0','\0','\0',20,0,0,0,0,30,0,0,0,0,0,500,50,'VD','TD','\0','2019-12-28 01:06:50'),(731,22,1,'2020-01-04',128,69,'\0','\0','\0','\0','\0','','\0','\0','\0',20,0,0,0,0,29,0,1,0,0,0,498,49,'VD','TD','','2019-12-28 01:07:09'),(732,23,1,'2020-02-01',130,1,'\0','','\0','\0','\0','\0','\0','\0','\0',20,0,0,0,0,26,1,1,1,1,1,483,46,'VD','MM','\0','2019-12-28 01:37:25'),(733,23,1,'2020-02-01',129,3,'\0','','\0','\0','\0','\0','\0','\0','\0',20,0,0,0,0,26,1,1,2,0,0,488,46,'VD','YS','\0','2019-12-28 01:38:29'),(734,23,1,'2020-02-01',129,3,'\0','','\0','\0','\0','\0','\0','\0','\0',20,0,0,0,0,26,1,2,1,0,0,491,46,'VD','YS','','2019-12-28 16:11:41'),(735,23,1,'2020-02-01',130,4,'\0','','\0','\0','\0','\0','\0','\0','\0',20,0,0,0,0,22,4,2,2,0,0,486,42,'VD','MM','','2019-12-28 16:12:18'),(737,22,1,'2020-01-04',129,13,'\0','','\0','\0','\0','\0','\0','\0','\0',20,0,0,0,0,30,0,0,0,0,0,500,50,'VD','YS','','2019-12-28 23:55:39'),(741,24,1,'2020-03-07',129,21,'\0','','\0','\0','\0','\0','\0','\0','\0',20,0,0,0,0,26,0,3,1,0,0,489,46,'VD','YS','','2019-12-29 03:23:13'),(742,24,1,'2020-03-07',129,3,'\0','','\0','\0','\0','\0','\0','\0','\0',20,0,0,0,0,30,0,0,0,0,0,500,50,'VD','YS','\0','2019-12-29 03:24:24'),(743,23,1,'2020-02-01',129,1,'','\0','\0','\0','\0','\0','\0','\0','\0',20,0,0,0,0,15,5,5,5,0,0,465,35,'VD','YS','\0','2019-12-30 00:20:40'),(744,23,1,'2020-02-01',130,5,'','\0','\0','\0','\0','\0','\0','\0','\0',20,0,0,0,0,27,0,2,1,0,0,491,47,'VD','MM','\0','2019-12-30 03:15:24'),(745,24,1,'2020-03-07',135,4,'','\0','\0','\0','\0','\0','\0','\0','\0',20,0,0,0,0,20,4,4,2,0,0,482,40,'VD','RR','\0','2019-12-31 00:00:40'),(748,24,1,'2020-03-07',135,29,'\0','\0','','\0','\0','\0','\0','\0','\0',10,0,0,0,0,13,2,0,0,0,0,250,23,'VD','RR','\0','2019-12-31 00:40:10'),(749,25,1,'2019-10-19',139,20,'','\0','\0','\0','\0','\0','\0','\0','\0',15,5,0,0,0,14,16,0,0,0,0,500,29,'JV','RT','\0','2020-01-02 14:15:58'),(750,25,1,'2019-10-19',138,20,'','\0','\0','\0','\0','\0','\0','\0','\0',20,0,0,0,0,19,10,1,0,0,0,498,39,'JV','JP','\0','2020-01-02 14:49:43'),(751,25,1,'2019-10-19',137,20,'','\0','\0','\0','\0','\0','\0','\0','\0',20,0,0,0,0,25,3,2,0,0,0,496,45,'JV','KM','\0','2020-01-02 14:50:54'),(752,25,1,'2019-10-19',145,20,'','\0','\0','\0','\0','\0','\0','\0','\0',20,0,0,0,0,18,8,4,0,0,0,492,38,'JV','CC','\0','2020-01-02 15:05:09'),(753,25,1,'2019-10-19',146,20,'','\0','\0','\0','\0','\0','\0','\0','\0',20,0,0,0,0,15,11,4,0,0,0,492,35,'JV','JV','\0','2020-01-02 15:07:06'),(754,25,1,'2019-10-19',143,20,'','\0','\0','\0','\0','\0','\0','\0','\0',20,0,0,0,0,14,12,4,0,0,0,492,34,'JV','JC','\0','2020-01-02 15:10:24'),(755,25,1,'2019-10-19',154,1,'','\0','\0','\0','\0','\0','\0','\0','\0',20,0,0,0,0,12,14,4,0,0,0,492,32,'JV','RP','\0','2020-01-02 15:15:53'),(756,25,1,'2019-10-19',156,20,'','\0','\0','\0','\0','\0','\0','\0','\0',20,0,0,0,0,15,8,7,0,0,0,486,35,'JV','CC','\0','2020-01-02 15:17:02'),(757,25,1,'2019-10-19',147,4,'','\0','\0','\0','\0','\0','\0','\0','\0',20,0,0,0,0,8,16,5,1,0,0,485,28,'JV','SP','\0','2020-01-02 15:45:09'),(758,25,1,'2019-10-19',144,20,'','\0','\0','\0','\0','\0','\0','\0','\0',20,0,0,0,0,12,13,3,2,0,0,484,32,'JV','TR','\0','2020-01-02 15:46:42'),(759,25,1,'2019-10-19',141,1,'','\0','\0','\0','\0','\0','\0','\0','\0',20,0,0,0,0,9,13,7,1,0,0,481,29,'JV','JH','\0','2020-01-02 15:47:54'),(760,25,1,'2019-10-19',159,4,'','\0','\0','\0','\0','\0','\0','\0','\0',20,0,0,0,0,13,12,1,4,0,0,478,33,'JV','JM','\0','2020-01-02 15:49:09'),(761,25,1,'2019-10-19',149,1,'','\0','\0','\0','\0','\0','\0','\0','\0',20,0,0,0,0,14,9,4,3,0,0,477,34,'JV','BK','\0','2020-01-02 15:50:11'),(762,25,1,'2019-10-19',166,67,'','\0','\0','\0','\0','\0','\0','\0','\0',20,0,0,0,0,8,12,9,1,0,0,477,28,'JV','KT','\0','2020-01-02 15:51:26'),(763,25,1,'2019-10-19',206,1,'','\0','\0','\0','\0','\0','\0','\0','\0',20,0,0,0,0,4,17,7,2,0,0,476,24,'JV','LE','\0','2020-01-02 15:53:50'),(764,25,1,'2019-10-19',155,13,'','\0','\0','\0','\0','\0','\0','\0','\0',20,0,0,0,0,5,15,8,2,0,0,474,25,'JV','CB','\0','2020-01-02 15:56:09'),(765,25,1,'2019-10-19',152,7,'','\0','\0','\0','\0','\0','\0','\0','\0',20,0,0,0,0,2,19,6,3,0,0,473,22,'JV','BK','\0','2020-01-02 15:57:38'),(766,25,1,'2019-10-19',158,1,'','\0','\0','\0','\0','\0','\0','\0','\0',20,0,0,0,0,7,16,4,2,1,1,472,27,'JV','JM','\0','2020-01-02 15:59:18'),(767,25,1,'2019-10-19',169,35,'','\0','\0','\0','\0','\0','\0','\0','\0',20,0,0,0,0,2,19,5,4,0,0,470,22,'JV','PW','\0','2020-01-02 16:00:21'),(768,25,1,'2019-10-19',164,27,'','\0','\0','\0','\0','\0','\0','\0','\0',20,0,0,0,0,6,13,8,3,0,0,469,26,'JV','PC','\0','2020-01-02 16:01:23'),(769,25,1,'2019-10-19',157,20,'','\0','\0','\0','\0','\0','\0','\0','\0',20,0,0,0,0,10,11,4,5,0,0,467,30,'JV','TB','\0','2020-01-02 16:06:17'),(770,25,1,'2019-10-19',205,1,'','\0','\0','\0','\0','\0','\0','\0','\0',20,0,0,0,0,12,11,2,4,1,1,466,32,'','','\0','2020-01-02 16:07:08'),(771,25,1,'2019-10-19',161,4,'','\0','\0','\0','\0','\0','\0','\0','\0',20,0,0,0,0,5,15,5,5,0,0,465,25,'JV','CK','\0','2020-01-02 16:07:58'),(772,25,1,'2019-10-19',167,4,'','\0','\0','\0','\0','\0','\0','\0','\0',19,1,0,0,0,0,19,6,5,0,0,463,19,'JV','KE','\0','2020-01-02 16:09:19'),(773,25,1,'2019-10-19',160,66,'','\0','\0','\0','\0','\0','\0','\0','\0',20,0,0,0,0,13,6,5,6,0,0,460,33,'JV','CD','\0','2020-01-02 16:18:20'),(774,25,1,'2019-10-19',176,4,'','\0','\0','\0','\0','\0','\0','\0','\0',18,2,0,0,0,0,17,8,5,0,0,459,18,'JV','MP','\0','2020-01-02 16:19:35'),(775,25,1,'2019-10-19',168,4,'','\0','\0','\0','\0','\0','\0','\0','\0',20,0,0,0,0,4,11,10,5,0,0,455,24,'JV','CS','\0','2020-01-02 16:20:32'),(776,25,1,'2019-10-19',170,4,'','\0','\0','\0','\0','\0','\0','\0','\0',15,5,0,0,0,0,15,10,5,0,0,455,15,'','','\0','2020-01-02 16:21:55'),(777,25,1,'2019-10-19',209,1,'','\0','\0','\0','\0','\0','\0','\0','\0',18,2,0,0,0,0,16,7,7,0,0,451,18,'JV','TG','\0','2020-01-02 16:24:56'),(778,25,1,'2019-10-19',179,8,'','\0','\0','\0','\0','\0','\0','\0','\0',16,4,0,0,0,0,14,9,7,0,0,447,16,'JV','WH','\0','2020-01-02 16:25:55'),(779,25,1,'2019-10-19',178,13,'','\0','\0','\0','\0','\0','\0','\0','\0',20,0,0,0,0,0,11,12,7,0,0,441,20,'JV','RH','\0','2020-01-02 16:28:42'),(780,25,1,'2019-10-19',172,20,'','\0','\0','\0','\0','\0','\0','\0','\0',20,0,0,0,0,2,15,8,1,4,4,439,22,'JV','TT','\0','2020-01-02 16:30:08'),(781,25,1,'2019-10-19',162,10,'','\0','\0','\0','\0','\0','\0','\0','\0',20,0,0,0,0,1,13,8,7,1,1,439,21,'JV','MP','\0','2020-01-02 16:31:02'),(782,25,1,'2019-10-19',175,20,'','\0','\0','\0','\0','\0','\0','\0','\0',20,0,0,0,0,0,12,9,9,0,0,437,20,'JV','AA','\0','2020-01-02 16:31:57'),(783,25,1,'2019-10-19',184,1,'','\0','\0','\0','\0','\0','\0','\0','\0',20,0,0,0,0,5,9,7,8,1,1,436,25,'JV','DM','\0','2020-01-02 16:33:26'),(784,25,1,'2019-10-19',210,20,'','\0','\0','\0','\0','\0','\0','\0','\0',20,0,0,0,0,6,12,3,6,3,3,434,26,'JV','SB','\0','2020-01-02 16:35:20'),(785,25,1,'2019-10-19',208,4,'','\0','\0','\0','\0','\0','\0','\0','\0',20,0,0,0,0,2,14,3,9,2,2,429,22,'','','\0','2020-01-02 16:38:42'),(786,25,1,'2019-10-19',181,2,'','\0','\0','\0','\0','\0','\0','\0','\0',20,0,0,0,0,1,11,8,9,1,1,429,21,'JV','MB','\0','2020-01-02 16:39:36'),(787,25,1,'2019-10-19',183,4,'','\0','\0','\0','\0','\0','\0','\0','\0',13,7,0,0,0,0,15,6,6,3,3,428,13,'JV','RR','\0','2020-01-02 16:41:12'),(788,25,1,'2019-10-19',180,20,'','\0','\0','\0','\0','\0','\0','\0','\0',18,2,0,0,0,0,10,9,10,1,1,422,18,'JV','KH','\0','2020-01-02 16:42:11'),(789,25,1,'2019-10-19',186,21,'','\0','\0','\0','\0','\0','\0','\0','\0',11,9,0,0,0,0,12,7,8,3,3,416,11,'JV','SS','\0','2020-01-02 16:43:46'),(790,25,1,'2019-10-19',173,1,'','\0','\0','\0','\0','\0','\0','\0','\0',9,11,0,0,0,0,7,12,8,3,3,406,9,'JV','ME','\0','2020-01-02 16:46:17'),(791,25,1,'2019-10-19',185,68,'','\0','\0','\0','\0','\0','\0','\0','\0',20,0,0,0,0,0,10,6,10,4,4,398,20,'JV','MD','\0','2020-01-02 16:47:11'),(792,25,1,'2019-10-19',190,20,'','\0','\0','\0','\0','\0','\0','\0','\0',10,7,3,0,0,0,0,13,10,7,7,348,10,'JV','RS','\0','2020-01-02 16:51:36'),(793,25,1,'2019-10-19',187,68,'','\0','\0','\0','\0','\0','\0','\0','\0',2,9,9,0,0,0,0,2,14,14,14,268,2,'JV','AJ','\0','2020-01-02 16:52:48'),(794,25,1,'2019-10-19',192,70,'','\0','\0','\0','\0','\0','\0','\0','\0',0,10,9,1,0,0,0,0,10,20,20,227,0,'JV','RV','\0','2020-01-02 16:57:05'),(795,25,1,'2019-10-19',194,4,'\0','','\0','\0','\0','\0','\0','\0','\0',20,0,0,0,0,20,9,1,0,0,0,498,40,'JV','BJ','\0','2020-01-02 18:48:29'),(796,25,1,'2019-10-19',146,20,'\0','','\0','\0','\0','\0','\0','\0','\0',20,0,0,0,0,13,15,2,0,0,0,496,33,'JV','JV','\0','2020-01-02 18:49:43'),(797,25,1,'2019-10-19',138,20,'\0','','\0','\0','\0','\0','\0','\0','\0',20,0,0,0,0,12,17,0,1,0,0,495,32,'JV','JP','\0','2020-01-02 18:50:36'),(798,25,1,'2019-10-19',154,20,'\0','','\0','\0','\0','\0','\0','\0','\0',20,0,0,0,0,7,20,3,0,0,0,494,27,'JV','RP','\0','2020-01-02 18:52:02'),(799,25,1,'2019-10-19',160,20,'\0','','\0','\0','\0','\0','\0','\0','\0',20,0,0,0,0,15,13,1,1,0,0,493,35,'JV','CD','\0','2020-01-02 18:54:44'),(800,25,1,'2019-10-19',137,4,'\0','','\0','\0','\0','\0','\0','\0','\0',20,0,0,0,0,14,13,2,1,0,0,491,34,'JV','KM','\0','2020-01-02 18:55:43'),(801,25,1,'2019-10-19',196,20,'\0','','\0','\0','\0','\0','\0','\0','\0',20,0,0,0,0,9,16,5,0,0,0,490,29,'JV','CS','\0','2020-01-02 18:56:46'),(802,25,1,'2019-10-19',166,4,'\0','','\0','\0','\0','\0','\0','\0','\0',18,2,0,0,0,0,25,5,0,0,0,490,18,'JV','KT','\0','2020-01-02 18:57:59'),(803,25,1,'2019-10-19',193,20,'\0','','\0','\0','\0','\0','\0','\0','\0',20,0,0,0,0,22,4,3,1,0,0,489,42,'JV','JH','\0','2020-01-02 19:15:24'),(804,25,1,'2019-10-19',143,20,'\0','','\0','\0','\0','\0','\0','\0','\0',20,0,0,0,0,11,14,4,1,0,0,487,31,'JV','JC','\0','2020-01-02 19:20:25'),(805,25,1,'2019-10-19',149,20,'\0','','\0','\0','\0','\0','\0','\0','\0',20,0,0,0,0,5,20,4,1,0,0,487,25,'JV','BK','\0','2020-01-02 19:21:33'),(806,25,1,'2019-10-19',152,20,'\0','','\0','\0','\0','\0','\0','\0','\0',20,0,0,0,0,10,13,6,1,0,0,483,30,'JV','BK','\0','2020-01-02 19:23:14'),(807,25,1,'2019-10-19',197,20,'\0','','\0','\0','\0','\0','\0','\0','\0',20,0,0,0,0,8,15,6,1,0,0,483,28,'JV','CM','\0','2020-01-02 19:24:12'),(808,25,1,'2019-10-19',156,21,'\0','','\0','\0','\0','\0','\0','\0','\0',20,0,0,0,0,11,13,4,2,0,0,482,31,'JV','CC','\0','2020-01-02 19:24:59'),(809,25,1,'2019-10-19',144,1,'\0','','\0','\0','\0','\0','\0','\0','\0',20,0,0,0,0,12,10,7,1,0,0,481,32,'JV','TR','\0','2020-01-02 19:27:27'),(810,25,1,'2019-10-19',184,20,'\0','','\0','\0','\0','\0','\0','\0','\0',20,0,0,0,0,10,12,6,2,0,0,478,30,'JV','DM','\0','2020-01-02 19:28:44'),(811,25,1,'2019-10-19',205,7,'\0','','\0','\0','\0','\0','\0','\0','\0',20,0,0,0,0,7,16,4,3,0,0,477,27,'JV','JK','\0','2020-01-02 19:29:38'),(812,25,1,'2019-10-19',158,1,'\0','','\0','\0','\0','\0','\0','\0','\0',20,0,0,0,0,6,15,7,2,0,0,476,26,'JV','JM','\0','2020-01-02 19:30:50'),(813,25,1,'2019-10-19',145,20,'\0','','\0','\0','\0','\0','\0','\0','\0',20,0,0,0,0,7,13,5,5,0,0,465,27,'JV','CC','\0','2020-01-02 19:32:07'),(814,25,1,'2019-10-19',199,1,'\0','','\0','\0','\0','\0','\0','\0','\0',20,0,0,0,0,3,13,7,7,0,0,451,23,'JV','PC','\0','2020-01-02 19:32:58'),(815,25,1,'2019-10-19',206,20,'\0','','\0','\0','\0','\0','\0','\0','\0',20,0,0,0,0,1,16,5,8,0,0,450,21,'JV','LE','\0','2020-01-02 19:34:48'),(816,25,1,'2019-10-19',200,20,'\0','','\0','\0','\0','\0','\0','\0','\0',14,6,0,0,0,0,18,3,9,0,0,449,14,'JV','CS','\0','2020-01-02 19:35:57'),(817,25,1,'2019-10-19',169,21,'\0','','\0','\0','\0','\0','\0','\0','\0',19,1,0,0,0,0,10,13,7,0,0,439,19,'JV','PW','\0','2020-01-02 19:36:51'),(818,25,1,'2019-10-19',181,20,'\0','','\0','\0','\0','\0','\0','\0','\0',19,1,0,0,0,0,12,9,9,0,0,437,19,'JV','MB','\0','2020-01-02 19:41:31'),(819,25,1,'2019-10-19',183,1,'\0','','\0','\0','\0','\0','\0','\0','\0',15,5,0,0,0,0,6,9,12,3,3,392,15,'JV','RR','\0','2020-01-02 19:44:48'),(820,25,1,'2019-10-19',211,4,'\0','','\0','\0','\0','\0','\0','\0','\0',15,5,0,0,0,0,8,6,12,4,4,388,15,'JV','BD','\0','2020-01-02 19:48:20'),(821,25,1,'2019-10-19',137,28,'\0','\0','','\0','\0','\0','\0','\0','\0',10,0,0,0,0,12,3,0,0,0,0,250,22,'JV','KM','\0','2020-01-02 20:38:30'),(822,25,1,'2019-10-19',160,28,'\0','\0','','\0','\0','\0','\0','\0','\0',10,0,0,0,0,11,4,0,0,0,0,250,21,'JV','CD','\0','2020-01-02 20:39:21'),(823,25,1,'2019-10-19',169,29,'\0','\0','','\0','\0','\0','\0','\0','\0',10,0,0,0,0,11,4,0,0,0,0,250,21,'JV','PW','\0','2020-01-02 20:40:11'),(824,25,1,'2019-10-19',141,28,'\0','\0','','\0','\0','\0','\0','\0','\0',10,0,0,0,0,10,5,0,0,0,0,250,20,'JV','JH','\0','2020-01-02 20:40:50'),(825,25,1,'2019-10-19',139,29,'\0','\0','','\0','\0','\0','\0','\0','\0',10,0,0,0,0,9,6,0,0,0,0,250,19,'JV','RT','\0','2020-01-02 20:41:28'),(826,25,1,'2019-10-19',161,29,'\0','\0','','\0','\0','\0','\0','\0','\0',10,0,0,0,0,9,6,0,0,0,0,250,19,'JV','CK','\0','2020-01-02 20:42:26'),(827,25,1,'2019-10-19',166,29,'\0','\0','','\0','\0','\0','\0','\0','\0',10,0,0,0,0,11,3,1,0,0,0,248,21,'JV','KT','\0','2020-01-02 20:43:52'),(828,25,1,'2019-10-19',138,29,'\0','\0','','\0','\0','\0','\0','\0','\0',10,0,0,0,0,10,4,1,0,0,0,248,20,'JV','JP','\0','2020-01-02 20:44:33'),(829,25,1,'2019-10-19',149,29,'\0','\0','','\0','\0','\0','\0','\0','\0',10,0,0,0,0,7,7,1,0,0,0,248,17,'JV','BK','\0','2020-01-02 20:45:27'),(830,25,1,'2019-10-19',152,29,'\0','\0','','\0','\0','\0','\0','\0','\0',10,0,0,0,0,7,7,1,0,0,0,248,17,'JV','BK','\0','2020-01-02 20:46:03'),(831,25,1,'2019-10-19',147,29,'\0','\0','','\0','\0','\0','\0','\0','\0',10,0,0,0,0,4,10,1,0,0,0,248,14,'JV','SP','\0','2020-01-02 20:46:44'),(832,25,1,'2019-10-19',143,29,'\0','\0','','\0','\0','\0','\0','\0','\0',10,0,0,0,0,5,8,2,0,0,0,246,15,'JV','JC','\0','2020-01-02 20:47:31'),(833,25,1,'2019-10-19',154,28,'\0','\0','','\0','\0','\0','\0','\0','\0',10,0,0,0,0,12,2,0,1,0,0,245,22,'JV','RP','\0','2020-01-02 21:03:29'),(834,25,1,'2019-10-19',210,28,'\0','\0','','\0','\0','\0','\0','\0','\0',10,0,0,0,0,9,5,0,1,0,0,245,19,'JV','SB','\0','2020-01-02 21:04:23'),(835,25,1,'2019-10-19',162,29,'\0','\0','','\0','\0','\0','\0','\0','\0',10,0,0,0,0,4,8,3,0,0,0,244,14,'JV','MP','\0','2020-01-02 21:07:24'),(836,25,1,'2019-10-19',156,29,'\0','\0','','\0','\0','\0','\0','\0','\0',10,0,0,0,0,4,8,3,0,0,0,244,14,'JV','CC','\0','2020-01-02 21:08:40'),(837,25,1,'2019-10-19',181,29,'\0','\0','','\0','\0','\0','\0','\0','\0',10,0,0,0,0,6,7,1,1,0,0,243,16,'JV','MB','\0','2020-01-02 21:09:42'),(838,25,1,'2019-10-19',168,29,'\0','\0','','\0','\0','\0','\0','\0','\0',10,0,0,0,0,6,7,0,2,0,0,240,16,'JV','CS','\0','2020-01-02 21:10:20'),(839,25,1,'2019-10-19',178,29,'\0','\0','','\0','\0','\0','\0','\0','\0',10,0,0,0,0,5,6,3,1,0,0,239,15,'JV','RH','\0','2020-01-02 21:10:54'),(840,25,1,'2019-10-19',184,29,'\0','\0','','\0','\0','\0','\0','\0','\0',10,0,0,0,0,4,8,1,2,0,0,238,14,'JV','DM','\0','2020-01-02 21:14:02'),(841,25,1,'2019-10-19',145,28,'\0','\0','','\0','\0','\0','\0','\0','\0',10,0,0,0,0,0,10,4,1,0,0,237,10,'JV','CC','\0','2020-01-02 21:15:16'),(842,25,1,'2019-10-19',176,29,'\0','\0','','\0','\0','\0','\0','\0','\0',10,0,0,0,0,3,8,1,3,0,0,233,13,'JV','MP','\0','2020-01-02 21:15:53'),(843,25,1,'2019-10-19',185,29,'\0','\0','','\0','\0','\0','\0','\0','\0',10,0,0,0,0,3,6,4,2,0,0,232,13,'JV','MD','\0','2020-01-02 21:16:34'),(844,25,1,'2019-10-19',158,29,'\0','\0','','\0','\0','\0','\0','\0','\0',9,1,0,0,0,0,8,4,3,0,0,227,9,'JV','JM','\0','2020-01-02 21:18:59'),(845,25,1,'2019-10-19',146,29,'\0','\0','','\0','\0','\0','\0','\0','\0',10,0,0,0,0,3,5,3,4,0,0,224,13,'JV','JV','\0','2020-01-02 21:19:41'),(846,25,1,'2019-10-19',183,28,'\0','\0','','\0','\0','\0','\0','\0','\0',1,7,2,0,0,0,0,6,6,3,3,174,1,'JV','RR','\0','2020-01-02 21:21:21'),(847,25,1,'2019-10-19',147,10,'','\0','\0','\0','\0','\0','\0','\0','\0',20,0,0,0,0,11,14,1,4,0,0,478,31,'JV','SP','','2020-01-02 21:30:06'),(848,25,1,'2019-10-19',190,1,'','\0','\0','\0','\0','\0','\0','\0','\0',8,12,0,0,0,0,2,11,15,2,2,383,8,'JV','RS','','2020-01-02 21:31:58'),(849,25,1,'2019-10-19',190,4,'','\0','\0','\0','\0','\0','\0','\0','\0',14,6,0,0,0,0,12,6,8,4,4,408,14,'JV','RS','','2020-01-02 21:33:05'),(850,25,1,'2019-10-19',186,21,'','\0','\0','\0','\0','\0','\0','\0','\0',12,8,0,0,0,0,14,6,8,2,2,428,12,'JV','SS','','2020-01-02 21:34:05'),(851,26,1,'2019-11-16',138,20,'','\0','\0','\0','\0','\0','\0','\0','\0',20,0,0,0,0,16,12,2,0,0,0,496,36,'JV','JP','\0','2020-01-03 00:14:58'),(852,26,1,'2019-11-16',153,13,'','\0','\0','\0','\0','\0','\0','\0','\0',20,0,0,0,0,10,17,3,0,0,0,494,30,'JV','RM','\0','2020-01-03 00:16:57'),(853,26,1,'2019-11-16',140,20,'','\0','\0','\0','\0','\0','\0','\0','\0',20,0,0,0,0,14,13,2,1,0,0,491,34,'JV','BB','\0','2020-01-03 00:18:28'),(854,26,1,'2019-11-16',148,1,'','\0','\0','\0','\0','\0','\0','\0','\0',20,0,0,0,0,18,9,1,2,0,0,488,38,'JV','JN','\0','2020-01-03 00:19:28'),(855,26,1,'2019-11-16',141,1,'','\0','\0','\0','\0','\0','\0','\0','\0',20,0,0,0,0,13,11,6,0,0,0,488,33,'JV','JH','\0','2020-01-03 00:20:49'),(856,26,1,'2019-11-16',151,5,'','\0','\0','\0','\0','\0','\0','\0','\0',20,0,0,0,0,13,12,4,1,0,0,487,33,'JV','VD','\0','2020-01-03 00:22:05'),(857,26,1,'2019-11-16',144,20,'','\0','\0','\0','\0','\0','\0','\0','\0',20,0,0,0,0,11,14,4,1,0,0,487,31,'JV','TR','\0','2020-01-03 00:23:09'),(858,26,1,'2019-11-16',142,2,'','\0','\0','\0','\0','\0','\0','\0','\0',20,0,0,0,0,12,14,1,3,0,0,483,32,'JV','ML','\0','2020-01-03 00:23:59'),(859,26,1,'2019-11-16',150,1,'','\0','\0','\0','\0','\0','\0','\0','\0',20,0,0,0,0,12,11,6,1,0,0,483,32,'JV','YZ','\0','2020-01-03 01:12:48'),(860,26,1,'2019-11-16',198,4,'','\0','\0','\0','\0','\0','\0','\0','\0',20,0,0,0,0,13,11,4,2,0,0,482,33,'JV','SP','\0','2020-01-03 01:13:36'),(861,26,1,'2019-11-16',147,4,'','\0','\0','\0','\0','\0','\0','\0','\0',20,0,0,0,0,8,14,7,1,0,0,481,28,'JV','SP','\0','2020-01-03 01:14:24'),(862,26,1,'2019-11-16',157,20,'','\0','\0','\0','\0','\0','\0','\0','\0',20,0,0,0,0,7,16,5,2,0,0,480,27,'JV','TB','\0','2020-01-03 01:15:21'),(863,26,1,'2019-11-16',160,66,'','\0','\0','\0','\0','\0','\0','\0','\0',20,0,0,0,0,4,19,5,2,0,0,480,24,'JV','CD','\0','2020-01-03 01:16:18'),(864,26,1,'2019-11-16',143,20,'','\0','\0','\0','\0','\0','\0','\0','\0',20,0,0,0,0,11,10,8,1,0,0,479,31,'JV','JC','\0','2020-01-03 01:17:08'),(865,26,1,'2019-11-16',162,10,'','\0','\0','\0','\0','\0','\0','\0','\0',20,0,0,0,0,5,19,3,3,0,0,479,25,'JV','MP','\0','2020-01-03 01:17:52'),(866,26,1,'2019-11-16',152,7,'','\0','\0','\0','\0','\0','\0','\0','\0',20,0,0,0,0,14,8,6,2,0,0,478,34,'JV','BK','\0','2020-01-03 01:19:58'),(867,26,1,'2019-11-16',145,20,'','\0','\0','\0','\0','\0','\0','\0','\0',20,0,0,0,0,6,16,6,2,0,0,478,26,'JV','CC','\0','2020-01-03 01:20:58'),(868,26,1,'2019-11-16',179,1,'','\0','\0','\0','\0','\0','\0','\0','\0',20,0,0,0,0,2,22,3,3,0,0,479,22,'JV','WH','','2020-01-03 02:49:03'),(869,26,1,'2019-11-16',145,20,'','\0','\0','\0','\0','\0','\0','\0','\0',20,0,0,0,0,6,16,6,2,0,0,478,26,'JV','CC','\0','2020-01-03 02:52:10'),(870,26,1,'2019-11-16',146,20,'','\0','\0','\0','\0','\0','\0','\0','\0',19,1,0,0,0,0,22,6,2,0,0,478,19,'JV','JV','\0','2020-01-03 17:01:53'),(871,26,1,'2019-11-16',155,13,'','\0','\0','\0','\0','\0','\0','\0','\0',20,0,0,0,0,7,16,4,3,0,0,477,27,'JV','CB','\0','2020-01-03 17:03:15'),(872,26,1,'2019-11-16',203,1,'','\0','\0','\0','\0','\0','\0','\0','\0',20,0,0,0,0,11,13,3,2,1,1,474,31,'JV','FM','\0','2020-01-03 17:04:32'),(873,26,1,'2019-11-16',158,1,'','\0','\0','\0','\0','\0','\0','\0','\0',20,0,0,0,0,6,16,4,4,0,0,472,26,'JV','JM','\0','2020-01-03 17:05:20'),(874,26,1,'2019-11-16',139,20,'','\0','\0','\0','\0','\0','\0','\0','\0',20,0,0,0,0,3,17,7,3,0,0,471,23,'JV','RT','\0','2020-01-03 17:06:10'),(875,26,1,'2019-11-16',163,1,'','\0','\0','\0','\0','\0','\0','\0','\0',20,0,0,0,0,12,8,5,5,0,0,465,32,'JV','JC','\0','2020-01-03 17:06:50'),(876,26,1,'2019-11-16',167,4,'','\0','\0','\0','\0','\0','\0','\0','\0',20,0,0,0,0,10,8,8,4,0,0,464,30,'JV','KE','\0','2020-01-03 17:07:38'),(877,26,1,'2019-11-16',164,27,'','\0','\0','\0','\0','\0','\0','\0','\0',20,0,0,0,0,6,12,8,4,0,0,464,26,'JV','PC','\0','2020-01-03 17:08:18'),(878,26,1,'2019-11-16',159,4,'','\0','\0','\0','\0','\0','\0','\0','\0',20,0,0,0,0,10,10,4,6,0,0,462,30,'JV','JM','\0','2020-01-03 17:08:53'),(879,26,1,'2019-11-16',168,4,'','\0','\0','\0','\0','\0','\0','\0','\0',20,0,0,0,0,0,15,9,6,0,0,452,20,'JV','CS','\0','2020-01-03 17:09:32'),(880,26,1,'2019-11-16',170,4,'','\0','\0','\0','\0','\0','\0','\0','\0',20,0,0,0,0,2,13,8,7,0,0,449,22,'JV','ED','\0','2020-01-03 17:10:10'),(881,26,1,'2019-11-16',166,67,'','\0','\0','\0','\0','\0','\0','\0','\0',16,4,0,0,0,0,14,9,7,0,0,447,16,'JV','KT','\0','2020-01-03 17:11:07'),(882,26,1,'2019-11-16',169,35,'','\0','\0','\0','\0','\0','\0','\0','\0',17,3,0,0,0,0,16,5,9,0,0,445,17,'JV','PW','\0','2020-01-03 17:11:40'),(883,26,1,'2019-11-16',180,20,'','\0','\0','\0','\0','\0','\0','\0','\0',20,0,0,0,0,5,13,3,8,1,1,444,25,'JV','KH','\0','2020-01-03 17:12:26'),(884,26,1,'2019-11-16',165,1,'','\0','\0','\0','\0','\0','\0','\0','\0',17,3,0,0,0,0,14,8,8,0,0,444,17,'JV','ML','\0','2020-01-03 17:13:11'),(885,26,1,'2019-11-16',154,1,'','\0','\0','\0','\0','\0','\0','\0','\0',20,0,0,0,0,5,13,6,3,3,3,443,25,'JV','RP','\0','2020-01-03 17:13:42'),(886,26,1,'2019-11-16',175,20,'','\0','\0','\0','\0','\0','\0','\0','\0',18,2,0,0,0,0,13,9,8,0,0,442,18,'JV','AA','\0','2020-01-03 17:14:19'),(887,26,1,'2019-11-16',171,8,'','\0','\0','\0','\0','\0','\0','\0','\0',17,3,0,0,0,0,13,9,8,0,0,442,17,'JV','DE','\0','2020-01-03 17:15:48'),(888,26,1,'2019-11-16',174,1,'','\0','\0','\0','\0','\0','\0','\0','\0',20,0,0,0,0,0,13,8,9,0,0,439,20,'JV','R ','\0','2020-01-03 22:40:12'),(889,26,1,'2019-11-16',182,4,'','\0','\0','\0','\0','\0','\0','\0','\0',20,0,0,0,0,1,14,6,8,1,1,438,21,'JV','PD','\0','2020-01-03 22:40:47'),(890,26,1,'2019-11-16',173,1,'','\0','\0','\0','\0','\0','\0','\0','\0',20,0,0,0,0,2,11,7,10,0,0,436,22,'JV','ME','\0','2020-01-03 22:41:17'),(891,26,1,'2019-11-16',177,4,'','\0','\0','\0','\0','\0','\0','\0','\0',19,1,0,0,0,0,11,10,8,1,1,430,19,'JV','BW','\0','2020-01-03 22:41:49'),(892,26,1,'2019-11-16',181,2,'','\0','\0','\0','\0','\0','\0','\0','\0',20,0,0,0,0,5,13,3,5,4,4,429,25,'JV','MB','\0','2020-01-03 22:42:16'),(893,26,1,'2019-11-16',185,68,'','\0','\0','\0','\0','\0','\0','\0','\0',15,5,0,0,0,0,9,11,8,2,2,418,15,'JV','MD','\0','2020-01-03 22:43:13'),(894,26,1,'2019-11-16',178,13,'','\0','\0','\0','\0','\0','\0','\0','\0',16,4,0,0,0,0,8,11,8,3,3,408,16,'JV','RH','\0','2020-01-03 22:43:48'),(895,26,1,'2019-11-16',172,20,'','\0','\0','\0','\0','\0','\0','\0','\0',20,0,0,0,0,2,10,6,7,5,5,403,22,'JV','TT','\0','2020-01-03 22:44:17'),(896,26,1,'2019-11-16',204,20,'','\0','\0','\0','\0','\0','\0','\0','\0',12,8,0,0,0,0,7,11,8,4,4,398,12,'JV','GB','\0','2020-01-03 22:46:13'),(897,26,1,'2019-11-16',187,68,'','\0','\0','\0','\0','\0','\0','\0','\0',12,8,0,0,0,0,9,6,11,4,4,393,12,'JV','AJ','\0','2020-01-03 22:46:58'),(898,26,1,'2019-11-16',184,1,'','\0','\0','\0','\0','\0','\0','\0','\0',20,0,0,0,0,0,7,7,13,3,3,391,20,'JV','DM','\0','2020-01-03 22:47:26'),(899,26,1,'2019-11-16',183,4,'','\0','\0','\0','\0','\0','\0','\0','\0',10,10,0,0,0,0,5,10,12,3,3,390,10,'JV','RR','\0','2020-01-03 22:47:50'),(900,26,1,'2019-11-16',186,21,'','\0','\0','\0','\0','\0','\0','\0','\0',12,8,0,0,0,0,7,10,6,7,7,380,12,'JV','SS','\0','2020-01-03 22:48:24'),(901,26,1,'2019-11-16',189,20,'','\0','\0','\0','\0','\0','\0','\0','\0',10,10,0,0,0,0,0,12,9,9,9,341,10,'JV','CC','\0','2020-01-03 22:49:18'),(902,26,1,'2019-11-16',190,20,'','\0','\0','\0','\0','\0','\0','\0','\0',5,15,0,0,0,0,2,3,13,12,12,309,5,'JV','RS','\0','2020-01-03 22:49:44'),(903,26,1,'2019-11-16',192,70,'','\0','\0','\0','\0','\0','\0','\0','\0',6,6,8,0,0,0,0,2,19,9,9,295,6,'JV','RV','\0','2020-01-03 22:50:28'),(904,26,1,'2019-11-16',191,1,'','\0','\0','\0','\0','\0','\0','\0','\0',3,6,11,0,0,0,0,3,15,12,12,277,3,'JV','DE','\0','2020-01-03 22:51:15'),(905,26,1,'2019-11-16',193,4,'','\0','\0','\0','\0','\0','\0','\0','\0',5,5,7,3,0,0,0,0,12,18,18,231,5,'JV','EH','\0','2020-01-03 22:51:42'),(906,26,1,'2019-11-16',142,20,'\0','','\0','\0','\0','\0','\0','\0','\0',20,0,0,0,0,23,7,0,0,0,0,500,43,'JV','ML','\0','2020-01-03 22:52:15'),(907,26,1,'2019-11-16',138,20,'\0','','\0','\0','\0','\0','\0','\0','\0',20,0,0,0,0,20,8,2,0,0,0,496,40,'JV','JP','\0','2020-01-03 22:52:43'),(908,26,1,'2019-11-16',194,4,'\0','','\0','\0','\0','\0','\0','\0','\0',20,0,0,0,0,18,10,2,0,0,0,496,38,'JV','BJ','\0','2020-01-03 22:53:11'),(909,26,1,'2019-11-16',148,20,'\0','','\0','\0','\0','\0','\0','\0','\0',20,0,0,0,0,10,18,2,0,0,0,496,30,'JV','JN','\0','2020-01-03 22:53:40'),(910,26,1,'2019-11-16',151,4,'\0','','\0','\0','\0','\0','\0','\0','\0',20,0,0,0,0,23,5,1,1,0,0,493,43,'JV','VD','\0','2020-01-03 22:54:04'),(911,26,1,'2019-11-16',154,20,'\0','','\0','\0','\0','\0','\0','\0','\0',20,0,0,0,0,10,18,1,1,0,0,493,30,'JV','RP','\0','2020-01-03 22:54:26'),(912,26,1,'2019-11-16',160,20,'\0','','\0','\0','\0','\0','\0','\0','\0',20,0,0,0,0,9,17,4,0,0,0,492,29,'JV','CD','\0','2020-01-03 22:54:49'),(913,26,1,'2019-11-16',152,20,'\0','','\0','\0','\0','\0','\0','\0','\0',20,0,0,0,0,4,22,4,0,0,0,492,24,'JV','BK','\0','2020-01-03 22:55:12'),(914,26,1,'2019-11-16',203,20,'\0','','\0','\0','\0','\0','\0','\0','\0',20,0,0,0,0,18,8,3,1,0,0,489,38,'JV','FM','\0','2020-01-03 22:55:33'),(915,26,1,'2019-11-16',144,1,'\0','','\0','\0','\0','\0','\0','\0','\0',20,0,0,0,0,14,9,7,0,0,0,486,34,'JV','TR','\0','2020-01-03 22:55:58'),(916,26,1,'2019-11-16',145,20,'\0','','\0','\0','\0','\0','\0','\0','\0',20,0,0,0,0,11,13,5,1,0,0,485,31,'JV','CC','\0','2020-01-03 22:56:26'),(917,26,1,'2019-11-16',195,4,'\0','','\0','\0','\0','\0','\0','\0','\0',20,0,0,0,0,11,13,5,1,0,0,485,31,'JV','SM','\0','2020-01-03 22:56:50'),(918,26,1,'2019-11-16',184,20,'\0','','\0','\0','\0','\0','\0','\0','\0',20,0,0,0,0,11,12,6,1,0,0,483,31,'JV','DM','\0','2020-01-03 22:57:33'),(919,26,1,'2019-11-16',167,3,'\0','','\0','\0','\0','\0','\0','\0','\0',20,0,0,0,0,10,13,6,1,0,0,483,30,'JV','KE','\0','2020-01-03 22:58:10'),(920,26,1,'2019-11-16',196,20,'\0','','\0','\0','\0','\0','\0','\0','\0',20,0,0,0,0,9,14,6,1,0,0,483,29,'JV','CS','\0','2020-01-03 22:58:32'),(921,26,1,'2019-11-16',197,20,'\0','','\0','\0','\0','\0','\0','\0','\0',20,0,0,0,0,9,12,7,2,0,0,476,29,'JV','CM','\0','2020-01-03 22:58:56'),(922,26,1,'2019-11-16',141,20,'\0','','\0','\0','\0','\0','\0','\0','\0',20,0,0,0,0,16,7,5,1,1,1,475,36,'JV','JH','\0','2020-01-03 22:59:25'),(923,26,1,'2019-11-16',198,4,'\0','','\0','\0','\0','\0','\0','\0','\0',20,0,0,0,0,9,13,5,3,0,0,475,29,'JV','SP','\0','2020-01-03 22:59:53'),(924,26,1,'2019-11-16',158,1,'\0','','\0','\0','\0','\0','\0','\0','\0',20,0,0,0,0,9,13,4,4,0,0,472,29,'JV','JM','\0','2020-01-03 23:00:21'),(925,26,1,'2019-11-16',146,20,'\0','','\0','\0','\0','\0','\0','\0','\0',20,0,0,0,0,8,12,6,4,0,0,468,28,'JV','JV','\0','2020-01-03 23:00:57'),(926,26,1,'2019-11-16',140,4,'\0','','\0','\0','\0','\0','\0','\0','\0',19,1,0,0,0,0,20,6,3,1,1,463,19,'JV','BB','\0','2020-01-03 23:01:25'),(927,26,1,'2019-11-16',166,4,'\0','','\0','\0','\0','\0','\0','\0','\0',20,0,0,0,0,0,16,6,8,0,0,448,20,'JV','KT','\0','2020-01-03 23:01:45'),(928,26,1,'2019-11-16',199,1,'\0','','\0','\0','\0','\0','\0','\0','\0',18,2,0,0,0,0,14,8,8,0,0,444,18,'JV','PC','\0','2020-01-03 23:02:13'),(929,26,1,'2019-11-16',143,20,'\0','','\0','\0','\0','\0','\0','\0','\0',20,0,0,0,0,7,6,9,8,0,0,442,27,'JV','JC','\0','2020-01-03 23:02:38'),(930,26,1,'2019-11-16',169,21,'\0','','\0','\0','\0','\0','\0','\0','\0',20,0,0,0,0,1,11,10,8,0,0,440,21,'JV','PW','\0','2020-01-03 23:03:44'),(931,26,1,'2019-11-16',174,1,'\0','','\0','\0','\0','\0','\0','\0','\0',20,0,0,0,0,3,10,5,12,0,0,430,23,'JV','R ','\0','2020-01-03 23:04:07'),(932,26,1,'2019-11-16',200,20,'\0','','\0','\0','\0','\0','\0','\0','\0',16,4,0,0,0,0,17,6,2,5,5,428,16,'JV','CS','\0','2020-01-03 23:04:51'),(933,26,1,'2019-11-16',183,1,'\0','','\0','\0','\0','\0','\0','\0','\0',15,5,0,0,0,0,10,10,8,2,2,420,15,'JV','RR','\0','2020-01-03 23:05:20'),(934,26,1,'2019-11-16',211,4,'\0','','\0','\0','\0','\0','\0','\0','\0',15,5,0,0,0,0,10,10,7,3,3,415,15,'JV','BD','\0','2020-01-03 23:05:45'),(935,26,1,'2019-11-16',201,20,'\0','','\0','\0','\0','\0','\0','\0','\0',14,6,0,0,0,0,14,6,4,6,6,408,14,'JV','GB','\0','2020-01-03 23:06:19'),(936,26,1,'2019-11-16',181,20,'\0','','\0','\0','\0','\0','\0','\0','\0',15,5,0,0,0,0,12,6,7,5,5,403,15,'JV','MB','\0','2020-01-03 23:06:44'),(937,26,1,'2019-11-16',138,29,'\0','\0','','\0','\0','\0','\0','\0','\0',10,0,0,0,0,13,2,0,0,0,0,250,23,'JV','JP','\0','2020-01-03 23:07:22'),(938,26,1,'2019-11-16',151,29,'\0','\0','','\0','\0','\0','\0','\0','\0',10,0,0,0,0,13,2,0,0,0,0,250,23,'JV','VD','\0','2020-01-03 23:07:43'),(939,26,1,'2019-11-16',160,28,'\0','\0','','\0','\0','\0','\0','\0','\0',10,0,0,0,0,12,3,0,0,0,0,250,22,'JV','CD','\0','2020-01-03 23:08:05'),(940,26,1,'2019-11-16',142,29,'\0','\0','','\0','\0','\0','\0','\0','\0',10,0,0,0,0,12,3,0,0,0,0,250,22,'JV','ML','\0','2020-01-03 23:08:28'),(941,26,1,'2019-11-16',154,28,'\0','\0','','\0','\0','\0','\0','\0','\0',10,0,0,0,0,11,4,0,0,0,0,250,21,'JV','RP','\0','2020-01-03 23:08:50'),(942,26,1,'2019-11-16',143,29,'\0','\0','','\0','\0','\0','\0','\0','\0',10,0,0,0,0,10,4,1,0,0,0,248,20,'JV','JC','\0','2020-01-03 23:09:08'),(943,26,1,'2019-11-16',162,29,'\0','\0','','\0','\0','\0','\0','\0','\0',10,0,0,0,0,10,4,1,0,0,0,248,20,'JV','MP','\0','2020-01-03 23:09:26'),(944,26,1,'2019-11-16',148,29,'\0','\0','','\0','\0','\0','\0','\0','\0',10,0,0,0,0,10,4,1,0,0,0,248,20,'JV','JN','\0','2020-01-03 23:09:46'),(945,26,1,'2019-11-16',141,28,'\0','\0','','\0','\0','\0','\0','\0','\0',10,0,0,0,0,7,7,1,0,0,0,248,17,'JV','JH','\0','2020-01-03 23:10:07'),(946,26,1,'2019-11-16',152,29,'\0','\0','','\0','\0','\0','\0','\0','\0',10,0,0,0,0,7,7,1,0,0,0,248,17,'JV','BK','\0','2020-01-03 23:10:31'),(947,26,1,'2019-11-16',139,29,'\0','\0','','\0','\0','\0','\0','\0','\0',10,0,0,0,0,4,10,1,0,0,0,248,14,'JV','RT','\0','2020-01-03 23:10:51'),(948,26,1,'2019-11-16',203,29,'\0','\0','','\0','\0','\0','\0','\0','\0',10,0,0,0,0,8,5,2,0,0,0,246,18,'JV','FM','\0','2020-01-03 23:11:09'),(949,26,1,'2019-11-16',158,29,'\0','\0','','\0','\0','\0','\0','\0','\0',10,0,0,0,0,1,11,3,0,0,0,244,11,'JV','JM','\0','2020-01-03 23:12:12'),(950,26,1,'2019-11-16',147,29,'\0','\0','','\0','\0','\0','\0','\0','\0',10,0,0,0,0,9,4,1,1,0,0,243,19,'JV','SP','\0','2020-01-03 23:12:32'),(951,26,1,'2019-11-16',150,29,'\0','\0','','\0','\0','\0','\0','\0','\0',10,0,0,0,0,8,3,4,0,0,0,242,18,'JV','YZ','\0','2020-01-03 23:12:57'),(952,26,1,'2019-11-16',166,29,'\0','\0','','\0','\0','\0','\0','\0','\0',10,0,0,0,0,6,6,2,1,0,0,241,16,'JV','KT','\0','2020-01-03 23:13:17'),(953,26,1,'2019-11-16',183,29,'\0','\0','','\0','\0','\0','\0','\0','\0',10,0,0,0,0,4,8,2,1,0,0,241,14,'JV','RR','\0','2020-01-03 23:15:37'),(954,26,1,'2019-11-16',146,29,'\0','\0','','\0','\0','\0','\0','\0','\0',10,0,0,0,0,4,6,4,1,0,0,237,14,'JV','JV','\0','2020-01-03 23:16:09'),(955,26,1,'2019-11-16',174,28,'\0','\0','','\0','\0','\0','\0','\0','\0',10,0,0,0,0,3,7,4,1,0,0,237,13,'JV','R ','\0','2020-01-03 23:16:28'),(956,26,1,'2019-11-16',168,29,'\0','\0','','\0','\0','\0','\0','\0','\0',10,0,0,0,0,0,10,4,1,0,0,237,10,'JV','CS','\0','2020-01-03 23:16:47'),(957,26,1,'2019-11-16',185,29,'\0','\0','','\0','\0','\0','\0','\0','\0',10,0,0,0,0,0,10,4,1,0,0,237,10,'JV','MD','\0','2020-01-03 23:17:12'),(958,26,1,'2019-11-16',172,29,'\0','\0','','\0','\0','\0','\0','\0','\0',10,0,0,0,0,2,9,2,2,0,0,236,12,'JV','TT','\0','2020-01-03 23:17:33'),(959,26,1,'2019-11-16',169,29,'\0','\0','','\0','\0','\0','\0','\0','\0',8,2,0,0,0,0,11,1,3,0,0,233,8,'JV','PW','\0','2020-01-03 23:17:59'),(960,26,1,'2019-11-16',178,29,'\0','\0','','\0','\0','\0','\0','\0','\0',10,0,0,0,0,4,5,3,3,0,0,229,14,'JV','RH','\0','2020-01-03 23:18:22'),(961,26,1,'2019-11-16',181,29,'\0','\0','','\0','\0','\0','\0','\0','\0',10,0,0,0,0,1,8,3,3,0,0,229,11,'JV','MB','\0','2020-01-03 23:18:45'),(962,26,1,'2019-11-16',184,29,'\0','\0','','\0','\0','\0','\0','\0','\0',10,0,0,0,0,0,5,5,5,0,0,215,10,'JV','DM','\0','2020-01-03 23:19:07'),(963,26,1,'2019-11-16',145,28,'\0','\0','','\0','\0','\0','\0','\0','\0',9,1,0,0,0,0,6,3,6,0,0,214,9,'JV','CC','\0','2020-01-03 23:19:30'),(964,26,1,'2019-11-16',202,28,'\0','\0','','\0','\0','\0','\0','\0','\0',4,6,0,0,0,0,0,7,5,3,3,181,4,'JV','RC','\0','2020-01-03 23:20:43'),(965,26,1,'2019-11-16',147,10,'','\0','\0','\0','\0','\0','\0','\0','\0',20,0,0,0,0,7,13,7,3,0,0,471,27,'JV','SP','','2020-01-03 23:21:51'),(966,26,1,'2019-11-16',164,27,'','\0','\0','\0','\0','\0','\0','\0','\0',17,3,0,0,0,0,16,12,2,0,0,466,17,'JV','PC','','2020-01-03 23:22:18'),(967,26,1,'2019-11-16',182,35,'','\0','\0','\0','\0','\0','\0','\0','\0',20,0,0,0,0,0,18,5,6,1,1,450,20,'JV','PD','','2020-01-03 23:22:41'),(968,26,1,'2019-11-16',163,17,'','\0','\0','\0','\0','\0','\0','\0','\0',20,0,0,0,0,9,6,8,6,1,1,444,29,'JV','JC','','2020-01-03 23:23:04'),(969,26,1,'2019-11-16',186,21,'','\0','\0','\0','\0','\0','\0','\0','\0',16,4,0,0,0,0,12,3,14,1,1,414,16,'JV','SS','','2020-01-03 23:23:47'),(970,26,1,'2019-11-16',190,4,'','\0','\0','\0','\0','\0','\0','\0','\0',10,10,0,0,0,0,6,12,9,3,3,401,10,'JV','RS','','2020-01-03 23:24:09'),(971,26,1,'2019-11-16',190,1,'','\0','\0','\0','\0','\0','\0','\0','\0',15,5,0,0,0,0,7,9,11,3,3,397,15,'JV','RS','','2020-01-03 23:24:32');
/*!40000 ALTER TABLE `competition_results` ENABLE KEYS */;
UNLOCK TABLES;

--
-- Table structure for table `competition_results_history`
--

DROP TABLE IF EXISTS `competition_results_history`;
/*!40101 SET @saved_cs_client     = @@character_set_client */;
/*!40101 SET character_set_client = utf8 */;
CREATE TABLE `competition_results_history` (
  `competition_results_history_id` int(11) NOT NULL AUTO_INCREMENT,
  `history_type` char(1) NOT NULL,
  `competition_results_id` int(11) NOT NULL,
  `id` int(11) NOT NULL,
  `code` int(11) NOT NULL,
  `date` date NOT NULL,
  `competitor_id` int(11) NOT NULL,
  `firearm_id` int(11) NOT NULL,
  `stock_division` bit(1) NOT NULL,
  `unlimited_division` bit(1) NOT NULL,
  `pocket_division` bit(1) NOT NULL,
  `limited_division` bit(1) NOT NULL,
  `revolver_division` bit(1) NOT NULL,
  `rimfire_division` bit(1) NOT NULL,
  `woman_division` bit(1) NOT NULL,
  `senior_division` bit(1) NOT NULL,
  `junior_division` bit(1) NOT NULL,
  `target_one_x` int(2) NOT NULL,
  `target_one_ten` int(2) NOT NULL,
  `target_one_eight` int(2) NOT NULL,
  `target_one_five` int(2) NOT NULL,
  `target_one_misses` int(2) NOT NULL,
  `target_two_x` int(2) NOT NULL,
  `target_two_ten` int(2) NOT NULL,
  `target_two_eight` int(2) NOT NULL,
  `target_two_five` int(2) NOT NULL,
  `target_two_misses` int(2) NOT NULL,
  `penalty` int(2) NOT NULL,
  `final_score` int(3) NOT NULL,
  `total_x` int(3) NOT NULL,
  `range_officer_initials` varchar(3) NOT NULL,
  `competitor_initials` varchar(3) NOT NULL,
  `additional_entry` bit(1) NOT NULL,
  `last_modified` datetime NOT NULL,
  PRIMARY KEY (`competition_results_history_id`),
  UNIQUE KEY `competition_results_history_id_UNIQUE` (`competition_results_history_id`),
  KEY `competitor_id_idx` (`competitor_id`),
  KEY `code_idx` (`code`),
  KEY `id_idx` (`id`),
  KEY `date_idx` (`date`),
  KEY `firearm_id_idx` (`firearm_id`)
) ENGINE=InnoDB AUTO_INCREMENT=38 DEFAULT CHARSET=latin1;
/*!40101 SET character_set_client = @saved_cs_client */;

--
-- Dumping data for table `competition_results_history`
--

LOCK TABLES `competition_results_history` WRITE;
/*!40000 ALTER TABLE `competition_results_history` DISABLE KEYS */;
INSERT INTO `competition_results_history` VALUES (1,'D',57,3,1,'2017-12-02',36,2,'','\0','\0','\0','\0','\0','\0','\0','\0',17,3,0,0,0,11,9,8,2,0,0,474,28,'MR','','\0','2018-02-09 10:58:31'),(2,'D',445,3,1,'2017-12-02',111,1,'','\0','\0','\0','\0','\0','\0','\0','\0',20,0,0,0,0,30,0,0,0,0,0,500,50,'RO','CG','\0','2018-04-21 14:44:34'),(3,'D',446,4,1,'2018-01-06',111,1,'','\0','\0','\0','\0','\0','\0','\0','\0',20,0,0,0,0,30,0,0,0,0,0,500,50,'RO','CG','\0','2018-04-21 14:44:55'),(4,'D',268,5,1,'2018-03-06',84,3,'\0','\0','\0','\0','\0','\0','\0','\0','\0',20,0,0,0,0,30,0,0,0,0,0,500,50,'RO','WW','\0','2018-02-04 19:35:56'),(5,'D',267,8,2,'2018-01-27',5,24,'\0','\0','\0','\0','\0','\0','\0','\0','\0',20,0,0,0,0,15,10,5,0,0,0,490,35,'','','\0','2018-02-04 19:32:45'),(6,'D',259,8,2,'2018-01-27',5,58,'\0','\0','\0','','\0','\0','\0','\0','\0',20,0,0,0,0,30,0,0,0,0,0,500,50,'','','\0','2018-02-04 19:42:13'),(7,'D',273,8,2,'2018-01-27',86,9,'\0','\0','\0','','\0','\0','\0','\0','\0',20,0,0,0,0,30,0,0,0,0,0,500,50,'','','\0','2018-02-04 19:53:35'),(8,'D',272,9,2,'2018-02-27',86,36,'\0','','\0','\0','\0','\0','\0','\0','\0',20,0,0,0,0,30,0,0,0,0,0,500,50,'','','\0','2018-02-04 19:45:52'),(9,'D',316,12,1,'2018-02-03',74,1,'','\0','\0','\0','\0','\0','','\0','\0',5,8,4,3,0,0,7,6,14,3,3,365,5,'MR','','\0','2018-02-09 09:45:46'),(10,'D',359,13,2,'2018-02-24',14,1,'\0','\0','\0','','\0','\0','\0','\0','\0',6,7,7,0,0,3,6,4,13,4,4,373,9,'MR','','\0','2018-02-24 09:52:11'),(11,'D',356,13,2,'2018-02-24',14,36,'\0','','\0','\0','\0','\0','\0','\0','\0',18,2,0,0,0,11,8,4,7,0,0,457,29,'MR','','\0','2018-02-24 09:50:25'),(12,'D',355,13,2,'2018-02-24',60,1,'\0','','\0','\0','\0','\0','\0','\0','\0',6,7,7,0,0,3,6,4,13,4,4,373,9,'MR','','\0','2018-02-24 09:50:20'),(15,'D',560,17,1,'2018-06-30',88,20,'\0','','\0','\0','\0','\0','\0','\0','\0',16,4,0,0,0,10,15,2,3,0,0,481,26,'MR','','\0','2018-06-30 11:06:25'),(16,'D',546,17,1,'2018-06-30',113,4,'','\0','\0','\0','\0','\0','','\0','\0',10,6,4,0,0,1,7,5,13,4,4,377,11,'MR','','\0','2018-06-30 09:47:17'),(17,'D',656,20,1,'2019-01-09',127,3,'','\0','\0','\0','\0','\0','\0','\0','\0',13,7,0,0,0,15,10,4,1,0,0,487,28,'MR','','\0','2019-01-10 10:18:16'),(18,'U',707,22,1,'2020-01-04',130,1,'','\0','\0','\0','\0','\0','\0','\0','\0',20,0,0,0,0,29,0,1,0,0,0,498,40,'VD','MM','\0','2019-12-26 23:14:17'),(19,'U',707,22,1,'2020-01-04',130,1,'','\0','\0','\0','\0','\0','\0','\0','\0',20,0,0,0,0,30,0,0,0,0,0,500,40,'VD','MM','\0','2019-12-26 23:14:47'),(20,'D',707,22,1,'2020-01-04',130,1,'','\0','\0','\0','\0','\0','\0','\0','\0',20,0,0,0,0,30,0,0,0,0,0,500,40,'VD','MM','\0','2019-12-26 23:20:28'),(21,'D',715,22,1,'2020-01-04',129,3,'\0','','\0','\0','\0','\0','\0','\0','\0',20,0,0,0,0,30,0,0,0,0,0,500,50,'VD','YS','','2019-12-27 02:03:33'),(22,'D',716,22,1,'2020-01-04',129,5,'\0','','\0','\0','\0','\0','\0','\0','\0',20,0,0,0,0,30,0,0,0,0,0,500,50,'VD','YS','\0','2019-12-27 02:09:22'),(23,'U',717,22,1,'2020-01-04',129,5,'\0','','\0','\0','\0','\0','\0','\0','\0',20,0,0,0,0,30,0,0,0,0,0,500,50,'VD','YS','','2019-12-27 12:36:12'),(24,'U',717,22,1,'2020-01-04',129,5,'\0','','\0','\0','\0','\0','\0','\0','\0',20,0,0,0,0,29,1,0,0,0,0,500,50,'VD','YS','','2019-12-27 12:38:28'),(25,'U',717,22,1,'2020-01-04',129,5,'\0','','\0','\0','\0','\0','\0','\0','\0',20,0,0,0,0,29,0,1,0,0,0,498,50,'VD','YS','','2019-12-27 18:54:24'),(26,'U',717,22,1,'2020-01-04',129,5,'\0','','\0','\0','\0','\0','\0','\0','\0',20,0,0,0,0,28,0,2,0,0,0,496,50,'VD','YS','','2019-12-27 19:26:47'),(27,'D',717,22,1,'2020-01-04',129,5,'\0','','\0','\0','\0','\0','\0','\0','\0',20,0,0,0,0,27,0,3,0,0,0,494,50,'VD','YS','','2019-12-27 19:33:34'),(28,'D',722,22,1,'2020-01-04',129,26,'\0','','\0','\0','\0','\0','\0','\0','\0',20,0,0,0,0,30,0,0,0,0,0,500,50,'','','','2019-12-27 22:41:32'),(29,'D',718,22,1,'2020-01-04',129,35,'\0','','\0','\0','\0','\0','\0','\0','\0',20,0,0,0,0,20,2,2,6,0,0,466,40,'VD','YS','','2019-12-27 22:41:36'),(30,'D',723,22,1,'2020-01-04',129,26,'\0','','\0','\0','\0','\0','\0','\0','\0',20,0,0,0,0,30,0,0,0,0,0,500,50,'','','\0','2019-12-27 23:28:58'),(31,'D',736,23,1,'2020-02-01',129,3,'','\0','\0','\0','\0','\0','\0','\0','\0',20,0,0,0,0,30,0,0,0,0,0,500,50,'','','\0','2019-12-28 23:39:02'),(32,'D',740,24,1,'2020-03-07',129,21,'\0','','\0','\0','\0','\0','\0','\0','\0',20,0,0,0,0,29,0,0,1,0,0,495,49,'VD','YS','','2019-12-29 03:17:39'),(33,'D',739,24,1,'2020-03-07',129,3,'\0','','\0','\0','\0','\0','\0','\0','\0',20,0,0,0,0,26,0,2,2,0,0,486,46,'VD','YS','\0','2019-12-29 03:17:41'),(34,'D',713,22,1,'2020-01-04',128,20,'','\0','\0','\0','\0','\0','\0','\0','\0',20,0,0,0,0,26,2,2,0,0,0,496,46,'VD','TD','\0','2019-12-30 03:33:54'),(35,'D',738,23,1,'2020-02-01',129,20,'\0','','\0','\0','\0','\0','\0','\0','\0',20,0,0,0,0,25,1,1,2,1,1,478,45,'VD','YS','','2019-12-30 03:34:17'),(36,'D',746,24,1,'2020-03-07',135,29,'\0','\0','','\0','\0','\0','\0','\0','\0',10,0,0,0,0,13,2,0,0,0,0,250,23,'VD','RR','\0','2019-12-31 00:31:52'),(37,'D',747,24,1,'2020-03-07',135,29,'\0','\0','','\0','\0','\0','\0','\0','\0',10,0,0,0,0,13,2,0,0,0,0,250,23,'VD','RR','\0','2019-12-31 00:39:25');
/*!40000 ALTER TABLE `competition_results_history` ENABLE KEYS */;
UNLOCK TABLES;

--
-- Table structure for table `competitor`
--

DROP TABLE IF EXISTS `competitor`;
/*!40101 SET @saved_cs_client     = @@character_set_client */;
/*!40101 SET character_set_client = utf8 */;
CREATE TABLE `competitor` (
  `id` int(11) NOT NULL AUTO_INCREMENT,
  `first_name` varchar(20) NOT NULL,
  `last_name` varchar(20) NOT NULL,
  `street` varchar(100) NOT NULL,
  `city` varchar(45) NOT NULL,
  `state` varchar(2) NOT NULL,
  `zipcode` varchar(10) NOT NULL,
  `phone` varchar(10) DEFAULT NULL,
  `email` varchar(256) DEFAULT NULL,
  `gssf_id` varchar(8) DEFAULT NULL,
  PRIMARY KEY (`id`),
  UNIQUE KEY `id_UNIQUE` (`id`)
) ENGINE=InnoDB AUTO_INCREMENT=212 DEFAULT CHARSET=latin1;
/*!40101 SET character_set_client = @saved_cs_client */;

--
-- Dumping data for table `competitor`
--

LOCK TABLES `competitor` WRITE;
/*!40000 ALTER TABLE `competitor` DISABLE KEYS */;
INSERT INTO `competitor` VALUES (2,'Bugs','Bunny','1000 Looney Tunes','Hollywood','CA','12345','5555551212','','1'),(4,'Elmer','Fudd','1000 Looney Tunes','Hollywood','CA','12345','5555551212','','2'),(5,'Daffy','Duck','1000 Looney Tunes','Hollywood','CA','12345','5555551212','','3'),(6,'Porky','Pig','1000 Looney Tunes','Hollywood','CA','12345','5555551212','','4'),(7,'Donald','Duck','1000 Looney Tunes','Hollywood','CA','12345','5555551212','','5'),(8,'Mickey','Mouse','1000 Looney Tunes','Hollywood','CA','12345','5555551212','','6'),(9,'Minnie','Mouse','1000 Looney Tunes','Hollywood','CA','12345','5555551212','','7'),(10,'Kermit','Frog','1000 Looney Tunes','Hollywood','CA','12345','5555551212','','8'),(11,'Jerry','Mouse','1000 Looney Tunes','Hollywood','CA','12345','5555551212','','8'),(12,'Tom','Cat','1000 Looney Tunes','Hollywood','CA','12345','5555551212','','8'),(13,'Fozzy','Bear','1000 Looney Tunes','Hollywood','CA','12345','5555551212','',''),(14,'Mark','Reichanadter','','','','','','',''),(15,'Mark','Shriver','','','','','','',''),(16,'Michael','Jekinski','','','','','','',''),(17,'Eldan','Habegger','','','','','','',''),(18,'Leonard','Neisler','','','','','','',''),(19,'Ryan','Sherrill','','','','','','',''),(20,'Vinh','Dang','','','','','','',''),(21,'Wallace','Brown','','','','','','',''),(22,'Eric','Harris','','','','','','',''),(23,'Michael','Bird','','','','','','',''),(24,'John','Bates','','','','','','',''),(25,'David','Haines','','','','','','',''),(26,'Dean','Shriver','','','','','','',''),(27,'Willie','Bush JR','','','','','','',''),(29,'Joel','Nadler','','','','','','',''),(30,'Jeff','Detrick','','','','','','',''),(31,'Mike','Donnelly','','','','','','',''),(32,'Mark','Shockney','','','','','','',''),(34,'Ken','Carlson','','','','','','',''),(35,'Meghan','Lowery','','','','','','',''),(36,'Kevin','Green','','','','','','',''),(37,'Vince','Corvari','','','','','','',''),(39,'Jim','Mulligan','','','','','','',''),(40,'Joe','Drager','','','','','','',''),(41,'James','Cortecht','','','','','','',''),(42,'Fritz','McCorkle','','','','','','',''),(43,'Amy','Rapala','','','','','','',''),(44,'Benjamin','Beyler','','','','','','',''),(45,'Thomas','Rapala','','','','','','',''),(46,'Cory','Rapala','','','','','','',''),(47,'Connor','Rapala','','','','','','',''),(48,'Robert','Adie','','','','','','',''),(49,'David','Peters','','','','','','',''),(50,'Yuri','Zelenin','','','','','','',''),(51,'Cason','Rody','','','','','','',''),(53,'Tim','Rody','','','','','','',''),(54,'Jerry','Segal','','','','','','',''),(55,'Ed','Cortrecht','','','','','','',''),(56,'Janet','Rapala','','','','','','',''),(57,'Michael','Matthews','','','','','','',''),(58,'Kathryn','Smith','','','','','','',''),(59,'Sharon','Sullivan','','','','','','',''),(60,'Mike','McDonald','','','','','','',''),(61,'Joe','Enerick','','','','','','',''),(62,'Khali','Crespo','','','','','','',''),(63,'Alex','Crespo','','','','','','',''),(64,'Matt','Steger','','','','','','',''),(65,'Kevin ','Orr','','','','','','',''),(66,'Kelly','Newcomer','','','','','','',''),(67,'Yan','Guenette','','','','','','',''),(68,'Mark','Staggs','','','','','','',''),(69,'Randy','Schuetter','','','','','','',''),(70,'Keith','Schuetter','','','','','','',''),(71,'Gary','Kelley','','','','','','',''),(72,'Mark','Cichouski','','','','','','',''),(73,'Bill','Vernon','','','','','','',''),(74,'Abby','Vernon','','','','','','',''),(75,'Frank','Pope','','','','','','',''),(76,'Steve','Schnadenberg','','','','','','',''),(77,'Paul','Clayton','','','','','','',''),(78,'Elisha','Dunbar','','','','','','',''),(79,'Tari','Hendricks','','','','','','',''),(80,'Greg','Clayton','','','','','','',''),(81,'Doug','Melandor','','','','','','',''),(82,'William','Frankman','','','','','','',''),(84,'Woody','Woodpecker','','','','','','',''),(85,'Speedy','Gonzales','','','','','','',''),(86,'SpongeBob','SquarePants','','','','','','',''),(87,'Jason','Truitt','','','','','','',''),(88,'Joe','Higgins','','','','','','',''),(89,'Mike','Novere','','','','','','',''),(90,'Jacob','Novero','','','','','','',''),(91,'Jacob','Liggett','','','','','','',''),(92,'Samuel','Liggett','','','','','','',''),(93,'Corey','Davis','','','','','','',''),(94,'Nick','Matthews','','','','','','',''),(95,'Mike','Matthews','','','','','','',''),(96,'Bryce','Worley','','','','','','',''),(97,'Nick','Worley','','','','','','',''),(98,'Anthony','Caterino','','','','','','',''),(99,'Bob','Babbin','','','','','','',''),(100,'Jeff','Cleland','','','','','','',''),(101,'Scott','Yarling','','','','','','',''),(102,'Tom','Haynes','','','','','','',''),(103,'Brian','Gerster','','','','','','',''),(104,'Keith','Raisor','','','','','','',''),(105,'Addison','Haynes','','','','','','',''),(106,'Jonathan','Pahs','','','','','','',''),(107,'Angie','Rich','','','','','','',''),(108,'Mike','Hobson','','','','','','',''),(109,'Bill','Holmes','','','','','','',''),(110,'Ronald','Raygun','','','','','','',''),(111,'Charlie','Gilbert','','','','','','',''),(112,'Debbie','Shook','','','','','','',''),(113,'janeen','wuwert','','','','','','',''),(114,'ann','Stapleton','','','','','','',''),(115,'JONATHAN ','ROSKRON','','','','','','',''),(116,'CORY ','OLSON','','','','','','',''),(117,'STEVE','SCHWADENLOERS','','','','','','',''),(118,'Randy','Fields','','','','','','',''),(119,'Greg','Bell','','','','','','',''),(120,'Bob','Adie','','','','','','',''),(121,'James','Evans','','','','','','',''),(122,'Brent','McClain','','','','','','',''),(123,'Steve','Tames','','','','','','',''),(124,'Doug','Frailey','','','','','','',''),(125,'Kyle','Munn ','','','','','','',''),(126,'Tim ','Ali','','','','','','',''),(127,'George','Gustafson','','','','','','',''),(128,'Tasmanian','Devil','','','','','','','12345678'),(129,'Yosemite','Sam','','','','','','','87654321'),(130,'Marvin','Martian','','','','','','',''),(135,'Road','Runner','','','','','','',''),(136,'Cecil','Turtle','','','','','','','24681012'),(137,'Karl','Monk','','','','','','',''),(138,'James','Patton','','','','','','',''),(139,'Roger','Thornton','','','','','','',''),(140,'Brian','Biltz','','','','','','',''),(141,'John','Hoin','','','','','','',''),(142,'Meghan','Lowery','','','','','','',''),(143,'James','Coombe','','','','','','',''),(144,'Tim','Rouse','','','','','','',''),(145,'Charles','Calvert','','','','','','',''),(146,'Jon','Villing','','','','','','',''),(147,'Sharon','Proctor','','','','','','',''),(148,'Joel','Nadler','','','','','','',''),(149,'Bradley','Karoleff','','','','','','',''),(150,'Yuri','Zelenin','','','','','','',''),(151,'Vinh','Dang','','','','','','',''),(152,'Brian','Kral','','','','','','',''),(153,'Robert','Mann','','','','','','',''),(154,'Richard','Poe','','','','','','',''),(155,'Craig','Brinsmade','','','','','','',''),(156,'Chad','Creed','','','','','','',''),(157,'Todd','Bailey','','','','','','',''),(158,'James','McKuhen','','','','','','',''),(159,'Junar','Mabunay','','','','','','',''),(160,'Christopher','Digges','','','','','','',''),(161,'Christopher','Kern','','','','','','',''),(162,'Milton','Proctor','','','','','','',''),(163,'James','Cannon','','','','','','',''),(164,'Paul','Campbell','','','','','','',''),(165,'Michael','Levy','','','','','','',''),(166,'Ken','Turner','','','','','','',''),(167,'Kenneth','Evans','','','','','','',''),(168,'Chris','Smith','','','','','','',''),(169,'Paul','Wojciechowski','','','','','','',''),(170,'Erik','Dodd','','','','','','',''),(171,'David','Eury','','','','','','',''),(172,'Tracy','Turner','','','','','','',''),(173,'Melinda','Evans','','','','','','',''),(174,'Ronald',' Logsdon','','','','','','',''),(175,'Aaron','Antiquiera','','','','','','',''),(176,'Meghan','Proctor','','','','','','',''),(177,'Bradley','Wagenknech','','','','','','',''),(178,'Ronald','Huckery','','','','','','',''),(179,'William','Hedrick','','','','','','',''),(180,'Kathy','Herbst','','','','','','',''),(181,'Michael','Billias','','','','','','',''),(182,'Phil','Drenik','','','','','','',''),(183,'Roger','Royce','','','','','','',''),(184,'David','Moerdyke','','','','','','',''),(185,'Michael','Desch','','','','','','',''),(186,'Stephen','Schroer','','','','','','',''),(187,'Antwan','Johnson','','','','','','',''),(188,'Raymond','Nadler','','','','','','',''),(189,'Cheri','Calvert','','','','','','',''),(190,'Robert','Sears','','','','','','',''),(191,'Dakota','Eury','','','','','','',''),(192,'Rick','Vonderheide','','','','','','',''),(193,'Ethan','Hoin','','','','','','',''),(194,'Bob','Jewell','','','','','','',''),(195,'Sasha','Martin','','','','','','',''),(196,'Chris','Sumner','','','','','','',''),(197,'Charles','McDaniel','','','','','','',''),(198,'Stephen','Parker','','','','','','',''),(199,'Philip','Coen','','','','','','',''),(200,'Christian','Sumner','','','','','','',''),(201,'Greg','Burger','','','','','','',''),(202,'Roseanne','Cannon','','','','','','',''),(203,'Fritz','McCorkle','','','','','','',''),(204,'Greg','Boothby','','','','','','',''),(205,'Jim','Kraemer','','','','','','',''),(206,'Lester','Ellis','','','','','','',''),(207,'Thomas','Gray','','','','','','',''),(208,'Donald','Williamson','','','','','','',''),(209,'Thomas','Greg','','','','','','',''),(210,'Stephen','Bowman','','','','','','',''),(211,'Brian','Dodd','','','','','','','');
/*!40000 ALTER TABLE `competitor` ENABLE KEYS */;
UNLOCK TABLES;

--
-- Table structure for table `competitor_account`
--

DROP TABLE IF EXISTS `competitor_account`;
/*!40101 SET @saved_cs_client     = @@character_set_client */;
/*!40101 SET character_set_client = utf8 */;
CREATE TABLE `competitor_account` (
  `competitor_id` int(11) NOT NULL,
  `account_id` int(11) DEFAULT NULL,
  PRIMARY KEY (`competitor_id`)
) ENGINE=InnoDB DEFAULT CHARSET=latin1;
/*!40101 SET character_set_client = @saved_cs_client */;

--
-- Dumping data for table `competitor_account`
--

LOCK TABLES `competitor_account` WRITE;
/*!40000 ALTER TABLE `competitor_account` DISABLE KEYS */;
INSERT INTO `competitor_account` VALUES (2,1),(4,1),(5,1),(6,1),(7,1),(8,1),(9,1),(10,1),(11,1),(12,1),(13,1),(14,2),(15,2),(16,2),(17,2),(18,2),(19,2),(20,2),(21,2),(22,2),(23,2),(24,2),(25,2),(26,2),(27,2),(29,2),(30,2),(31,2),(32,2),(34,2),(35,2),(36,2),(37,2),(39,2),(40,2),(41,2),(42,2),(43,2),(44,2),(45,2),(46,2),(47,2),(48,2),(49,2),(50,2),(51,2),(53,2),(54,2),(55,2),(56,2),(57,2),(58,2),(59,2),(60,2),(61,2),(62,2),(63,2),(64,2),(65,2),(66,2),(67,2),(68,2),(69,2),(70,2),(71,2),(72,2),(73,2),(74,2),(75,2),(76,2),(77,2),(78,2),(79,2),(80,2),(81,2),(82,2),(84,2),(85,2),(86,2),(87,2),(88,2),(89,2),(90,2),(91,2),(92,2),(93,2),(94,2),(95,2),(96,2),(97,2),(98,2),(99,2),(100,2),(101,2),(102,2),(103,2),(104,2),(105,2),(106,2),(107,2),(108,2),(109,2),(110,2),(111,2),(112,2),(113,2),(114,2),(115,2),(116,2),(117,2),(118,2),(119,2),(120,2),(121,2),(122,2),(123,2),(124,2),(125,2),(126,2),(127,2),(128,3),(129,3),(130,3),(135,3),(136,3),(137,4),(138,4),(139,4),(140,4),(141,4),(142,4),(143,4),(144,4),(145,4),(146,4),(147,4),(148,4),(149,4),(150,4),(151,4),(152,4),(153,4),(154,4),(155,4),(156,4),(157,4),(158,4),(159,4),(160,4),(161,4),(162,4),(163,4),(164,4),(165,4),(166,4),(167,4),(168,4),(169,4),(170,4),(171,4),(172,4),(173,4),(174,4),(175,4),(176,4),(177,4),(178,4),(179,4),(180,4),(181,4),(182,4),(183,4),(184,4),(185,4),(186,4),(187,4),(188,4),(189,4),(190,4),(191,4),(192,4),(193,4),(194,4),(195,4),(196,4),(197,4),(198,4),(199,4),(200,4),(201,4),(202,4),(203,4),(204,4),(205,4),(206,4),(207,4),(208,4),(209,4),(210,4),(211,4);
/*!40000 ALTER TABLE `competitor_account` ENABLE KEYS */;
UNLOCK TABLES;

--
-- Table structure for table `course_codes`
--

DROP TABLE IF EXISTS `course_codes`;
/*!40101 SET @saved_cs_client     = @@character_set_client */;
/*!40101 SET character_set_client = utf8 */;
CREATE TABLE `course_codes` (
  `id` int(11) NOT NULL AUTO_INCREMENT,
  `course` varchar(1) NOT NULL,
  PRIMARY KEY (`id`),
  UNIQUE KEY `id_UNIQUE` (`id`),
  UNIQUE KEY `course_UNIQUE` (`course`)
) ENGINE=InnoDB AUTO_INCREMENT=7 DEFAULT CHARSET=latin1;
/*!40101 SET character_set_client = @saved_cs_client */;

--
-- Dumping data for table `course_codes`
--

LOCK TABLES `course_codes` WRITE;
/*!40000 ALTER TABLE `course_codes` DISABLE KEYS */;
INSERT INTO `course_codes` VALUES (2,'A'),(3,'B'),(4,'C'),(5,'D'),(6,'E'),(1,'O');
/*!40000 ALTER TABLE `course_codes` ENABLE KEYS */;
UNLOCK TABLES;

--
-- Table structure for table `division_codes`
--

DROP TABLE IF EXISTS `division_codes`;
/*!40101 SET @saved_cs_client     = @@character_set_client */;
/*!40101 SET character_set_client = utf8 */;
CREATE TABLE `division_codes` (
  `id` int(11) NOT NULL,
  `code` varchar(30) NOT NULL,
  `description` varchar(40) NOT NULL,
  PRIMARY KEY (`code`,`id`),
  KEY `id_idx` (`id`),
  CONSTRAINT `competition_code_id` FOREIGN KEY (`id`) REFERENCES `competition_codes` (`id`) ON DELETE NO ACTION ON UPDATE NO ACTION
) ENGINE=InnoDB DEFAULT CHARSET=latin1;
/*!40101 SET character_set_client = @saved_cs_client */;

--
-- Dumping data for table `division_codes`
--

LOCK TABLES `division_codes` WRITE;
/*!40000 ALTER TABLE `division_codes` DISABLE KEYS */;
INSERT INTO `division_codes` VALUES (2,'BULLSEYE_LIMITED','Bullseye Limited Division'),(2,'BULLSEYE_REVOLVER','Bullseye Revolver Division'),(2,'BULLSEYE_RIMFIRE','Bullseye Rimfire Division'),(2,'BULLSEYE_UNLIMITED','Bullseye Unlimited Division'),(1,'GSSF_JUNIOR','GSSF Junior Division'),(1,'GSSF_POCKET','GSSF Pocket Division'),(1,'GSSF_RIMFIRE','GSSF Rimfire Division'),(1,'GSSF_SENIOR','GSSF Senior Divsion'),(1,'GSSF_STOCK','GSSF Stock Division'),(1,'GSSF_UNLIMITED','GSSF Unlimited Division'),(1,'GSSF_WOMAN','GSSF Woman Division');
/*!40000 ALTER TABLE `division_codes` ENABLE KEYS */;
UNLOCK TABLES;

--
-- Table structure for table `firearm_brands`
--

DROP TABLE IF EXISTS `firearm_brands`;
/*!40101 SET @saved_cs_client     = @@character_set_client */;
/*!40101 SET character_set_client = utf8 */;
CREATE TABLE `firearm_brands` (
  `id` int(11) NOT NULL AUTO_INCREMENT,
  `brand` varchar(35) NOT NULL,
  PRIMARY KEY (`id`),
  UNIQUE KEY `id_UNIQUE` (`id`)
) ENGINE=InnoDB AUTO_INCREMENT=93 DEFAULT CHARSET=latin1;
/*!40101 SET character_set_client = @saved_cs_client */;

--
-- Dumping data for table `firearm_brands`
--

LOCK TABLES `firearm_brands` WRITE;
/*!40000 ALTER TABLE `firearm_brands` DISABLE KEYS */;
INSERT INTO `firearm_brands` VALUES (1,'Glock'),(2,'Accu-Tek'),(3,'American Derringer'),(4,'AMT'),(5,'Arcus'),(6,'ArmaLite'),(7,'Arminius'),(8,'Armscor-Rock Island Armory'),(9,'Astra'),(10,'Autauga Arms'),(11,'Auto-Ordnance'),(12,'Beretta'),(13,'Bersa'),(14,'Boberg'),(15,'Bond Arms'),(16,'Browning'),(17,'BUL'),(18,'Chiappa'),(19,'Citadel'),(20,'Cobra'),(21,'Colt'),(22,'CAG'),(23,'Canik'),(24,'Caracal'),(25,'Charles Daly'),(26,'Coonan'),(27,'CZ'),(28,'Daewoo'),(29,'Dan Wesson'),(30,'Detonics'),(31,'Diamond Back'),(32,'EAA'),(33,'Ed Brown'),(34,'Excel Arms'),(35,'FEG'),(36,'FIE'),(37,'Firestorm'),(38,'FMK'),(39,'FN'),(40,'Girsan'),(41,'Grand Power'),(42,'Heritage'),(43,'Hi-Point'),(44,'Hi-Standard'),(45,'HK'),(46,'Honor Defense'),(47,'ISSC'),(48,'IWI'),(49,'Jimenez'),(50,'Kahr Arms'),(51,'Kel-Tec'),(52,'Kimber'),(53,'Korth'),(54,'Les Baer'),(55,'Lionheart'),(56,'Liama'),(57,'Magnum Research'),(58,'Mauser'),(59,'Metro Arms'),(60,'NAA'),(61,'Norinco'),(62,'Olympic Arms'),(63,'Para'),(64,'Phoenix Arms'),(65,'Randall'),(66,'Raven'),(67,'Remington'),(68,'Rex'),(69,'Rexio'),(70,'Rohrbaugh'),(71,'Rossi'),(72,'RRA'),(73,'Ruger'),(74,'Sarsilmaz'),(75,'Sccy'),(76,'Seecamp'),(77,'SIG'),(78,'Smith & Wesson'),(79,'Sphinx'),(80,'Springfield Armory'),(81,'Star'),(82,'Stayr'),(83,'STI'),(84,'Stoeger'),(85,'Tanfoglio'),(86,'Taurus'),(87,'TriStar'),(88,'Uberti'),(89,'US Firearms'),(90,'Walther'),(91,'Wilson Combat'),(92,'Zastava');
/*!40000 ALTER TABLE `firearm_brands` ENABLE KEYS */;
UNLOCK TABLES;

--
-- Table structure for table `firearm_calibers`
--

DROP TABLE IF EXISTS `firearm_calibers`;
/*!40101 SET @saved_cs_client     = @@character_set_client */;
/*!40101 SET character_set_client = utf8 */;
CREATE TABLE `firearm_calibers` (
  `caliber` varchar(15) NOT NULL,
  UNIQUE KEY `caliber_UNIQUE` (`caliber`)
) ENGINE=InnoDB DEFAULT CHARSET=latin1;
/*!40101 SET character_set_client = @saved_cs_client */;

--
-- Dumping data for table `firearm_calibers`
--

LOCK TABLES `firearm_calibers` WRITE;
/*!40000 ALTER TABLE `firearm_calibers` DISABLE KEYS */;
/*!40000 ALTER TABLE `firearm_calibers` ENABLE KEYS */;
UNLOCK TABLES;

--
-- Table structure for table `firearm_models`
--

DROP TABLE IF EXISTS `firearm_models`;
/*!40101 SET @saved_cs_client     = @@character_set_client */;
/*!40101 SET character_set_client = utf8 */;
CREATE TABLE `firearm_models` (
  `id` int(11) NOT NULL AUTO_INCREMENT,
  `brand_id` int(11) NOT NULL,
  `model` varchar(25) NOT NULL,
  `caliber` varchar(10) DEFAULT NULL,
  PRIMARY KEY (`id`),
  KEY `firearm_model_id_idx` (`id`),
  KEY `brand_id_idx` (`brand_id`),
  CONSTRAINT `brand_id` FOREIGN KEY (`brand_id`) REFERENCES `firearm_brands` (`id`) ON DELETE NO ACTION ON UPDATE NO ACTION
) ENGINE=InnoDB AUTO_INCREMENT=71 DEFAULT CHARSET=latin1;
/*!40101 SET character_set_client = @saved_cs_client */;

--
-- Dumping data for table `firearm_models`
--

LOCK TABLES `firearm_models` WRITE;
/*!40000 ALTER TABLE `firearm_models` DISABLE KEYS */;
INSERT INTO `firearm_models` VALUES (1,1,'G17','9X19'),(2,1,'G17C','9X19'),(3,1,'G17L','9X19'),(4,1,'G19','9X19'),(5,1,'G19C','9X19'),(6,1,'G20','10mm Auto'),(7,1,'G21','.45 Auto'),(8,1,'G22','.40'),(9,1,'G22C','.40'),(10,1,'G23','.40'),(11,1,'G23C','.40'),(12,1,'G24','.40'),(13,1,'G26','9X19'),(14,1,'G27','.40'),(15,1,'G29','10mm Auto'),(16,1,'G30','.45 Auto'),(17,1,'G31','.357'),(18,1,'G32','.357'),(19,1,'G33','.357'),(20,1,'G34','9X19'),(21,1,'G35','.40'),(22,1,'G36','.45 Auto'),(23,1,'G37','.45 G.A.P.'),(24,1,'G38','.45 G.A.P.'),(25,1,'G39','.45 G.A.P.'),(26,1,'G40','10mm Auto'),(27,1,'G41','.45 Auto'),(28,1,'G42','.380 Auto'),(29,1,'G43','9X19'),(33,27,'Czechmate',NULL),(34,27,'Tactical Sport Orange',NULL),(35,1,'G19X','9X19'),(36,27,'P-07',NULL),(37,8,'22tcm',NULL),(38,73,'Revolver',NULL),(39,27,'Shadow 2',NULL),(40,78,'686',NULL),(41,78,'14',NULL),(42,78,'986',NULL),(43,78,'m2,0 compact',NULL),(44,78,'Victory1',NULL),(45,78,'Victory2',NULL),(46,78,'Victory',NULL),(47,78,'19',NULL),(48,21,'SAA 38',NULL),(49,80,'1911 9mm',NULL),(50,73,'MKIV',NULL),(51,73,'MKIII',NULL),(54,21,'1911 45',NULL),(55,90,'PPQ Q5 Match',NULL),(56,83,'1911',NULL),(57,77,'P226',NULL),(58,27,'75',NULL),(59,78,'627',NULL),(60,80,'1911',NULL),(61,27,'p10',NULL),(62,16,'Buckmark',NULL),(63,73,'GP100',NULL),(64,77,'Legion 9mm',NULL),(66,1,'G43X',NULL),(67,1,'G48',NULL),(68,1,'G45',NULL),(69,1,'G44',NULL),(70,1,'G20C',NULL);
/*!40000 ALTER TABLE `firearm_models` ENABLE KEYS */;
UNLOCK TABLES;

--
-- Table structure for table `role_codes`
--

DROP TABLE IF EXISTS `role_codes`;
/*!40101 SET @saved_cs_client     = @@character_set_client */;
/*!40101 SET character_set_client = utf8 */;
CREATE TABLE `role_codes` (
  `code` varchar(1) NOT NULL,
  `description` varchar(45) NOT NULL,
  PRIMARY KEY (`code`),
  UNIQUE KEY `code_UNIQUE` (`code`)
) ENGINE=InnoDB DEFAULT CHARSET=latin1;
/*!40101 SET character_set_client = @saved_cs_client */;

--
-- Dumping data for table `role_codes`
--

LOCK TABLES `role_codes` WRITE;
/*!40000 ALTER TABLE `role_codes` DISABLE KEYS */;
INSERT INTO `role_codes` VALUES ('A','Admin'),('C','Competitor'),('M','Manager');
/*!40000 ALTER TABLE `role_codes` ENABLE KEYS */;
UNLOCK TABLES;

--
-- Table structure for table `status_codes`
--

DROP TABLE IF EXISTS `status_codes`;
/*!40101 SET @saved_cs_client     = @@character_set_client */;
/*!40101 SET character_set_client = utf8 */;
CREATE TABLE `status_codes` (
  `code` varchar(1) NOT NULL,
  `description` varchar(45) NOT NULL,
  PRIMARY KEY (`code`),
  UNIQUE KEY `id_UNIQUE` (`code`)
) ENGINE=InnoDB DEFAULT CHARSET=latin1;
/*!40101 SET character_set_client = @saved_cs_client */;

--
-- Dumping data for table `status_codes`
--

LOCK TABLES `status_codes` WRITE;
/*!40000 ALTER TABLE `status_codes` DISABLE KEYS */;
INSERT INTO `status_codes` VALUES ('C','Complete'),('I','In Progress'),('N','Not Started');
/*!40000 ALTER TABLE `status_codes` ENABLE KEYS */;
UNLOCK TABLES;

--
-- Table structure for table `tournament`
--

DROP TABLE IF EXISTS `tournament`;
/*!40101 SET @saved_cs_client     = @@character_set_client */;
/*!40101 SET character_set_client = utf8 */;
CREATE TABLE `tournament` (
  `id` int(11) NOT NULL AUTO_INCREMENT,
  `account_id` int(11) NOT NULL,
  `name` varchar(45) NOT NULL,
  `description` varchar(200) NOT NULL,
  `status` varchar(1) NOT NULL DEFAULT 'I',
  PRIMARY KEY (`id`),
  UNIQUE KEY `id_UNIQUE` (`id`),
  KEY `account_id_idx` (`account_id`),
  KEY `status_idx` (`status`)
) ENGINE=InnoDB AUTO_INCREMENT=10 DEFAULT CHARSET=latin1;
/*!40101 SET character_set_client = @saved_cs_client */;

--
-- Dumping data for table `tournament`
--

LOCK TABLES `tournament` WRITE;
/*!40000 ALTER TABLE `tournament` DISABLE KEYS */;
INSERT INTO `tournament` VALUES (1,1,'GSSF Winter Tournament 2018','Vinh\'s Shooting Academy Winter GSSF tournament','I'),(2,2,'GSSF Winter Tournament 2018','Tim\'s Shooting Academy Winter GSSF Tournament','I'),(4,1,'Bullseye Winter Tournament','Bullseye Winter Tournament','I'),(5,2,'Winter Bullseye League','Tim\'s shooting academy','I'),(6,2,'GSSF June','GSSF June','I'),(7,2,'GSSF 2018 Winter','GSSF 2018 Winter','I'),(8,3,'Target World Jan-March','GSSF Indoor Jan-March','I'),(9,4,'GSSF Fall  2019','GSSF Indoor October-November-December 2019','I');
/*!40000 ALTER TABLE `tournament` ENABLE KEYS */;
UNLOCK TABLES;

--
-- Table structure for table `users`
--

DROP TABLE IF EXISTS `users`;
/*!40101 SET @saved_cs_client     = @@character_set_client */;
/*!40101 SET character_set_client = utf8 */;
CREATE TABLE `users` (
  `id` int(11) NOT NULL AUTO_INCREMENT,
  `role_code` varchar(1) NOT NULL,
  `first_name` varchar(45) NOT NULL,
  `last_name` varchar(45) NOT NULL,
  `username` varchar(10) NOT NULL,
  `password` varchar(166) NOT NULL,
  `email` varchar(256) DEFAULT NULL,
  `account_id` int(11) DEFAULT NULL,
  `create_date` datetime NOT NULL,
  `last_login` datetime DEFAULT NULL,
  PRIMARY KEY (`id`),
  UNIQUE KEY `id_UNIQUE` (`id`),
  UNIQUE KEY `username_UNIQUE` (`username`),
  KEY `role_code_idx` (`role_code`),
  CONSTRAINT `role_code` FOREIGN KEY (`role_code`) REFERENCES `role_codes` (`code`) ON DELETE NO ACTION ON UPDATE NO ACTION
) ENGINE=InnoDB AUTO_INCREMENT=14 DEFAULT CHARSET=latin1;
/*!40101 SET character_set_client = @saved_cs_client */;

--
-- Dumping data for table `users`
--

LOCK TABLES `users` WRITE;
/*!40000 ALTER TABLE `users` DISABLE KEYS */;
INSERT INTO `users` VALUES (4,'A','Josh','Josh','josh','josh','',2,'2018-01-05 00:00:00',NULL),(5,'A','Vinh','Dang','vinh','Brandon1','vinh@envisageconsulting.com',1,'2018-01-05 00:00:00',NULL),(12,'A','Jon','Villing','jvilling','jvilling','jonv@targetworld.net',3,'2019-12-21 00:00:00',NULL),(13,'A','Jon','Villing','jonvilling','scoredaddy','jonv@targetworld.net',4,'2020-01-02 00:00:00',NULL);
/*!40000 ALTER TABLE `users` ENABLE KEYS */;
UNLOCK TABLES;
/*!40103 SET TIME_ZONE=@OLD_TIME_ZONE */;

/*!40101 SET SQL_MODE=@OLD_SQL_MODE */;
/*!40014 SET FOREIGN_KEY_CHECKS=@OLD_FOREIGN_KEY_CHECKS */;
/*!40014 SET UNIQUE_CHECKS=@OLD_UNIQUE_CHECKS */;
/*!40101 SET CHARACTER_SET_CLIENT=@OLD_CHARACTER_SET_CLIENT */;
/*!40101 SET CHARACTER_SET_RESULTS=@OLD_CHARACTER_SET_RESULTS */;
/*!40101 SET COLLATION_CONNECTION=@OLD_COLLATION_CONNECTION */;
/*!40111 SET SQL_NOTES=@OLD_SQL_NOTES */;

-- Dump completed on 2020-01-04  3:32:02
